PID,POT_PID,full_address,parcel_wkt,address_wkt
6003587,9979907,120 Tip Road Nubeena TAS 7184 Australia,"MULTIPOLYGON (((562070.9320000004 5227677.471, 562042.2460000014 5227596.621000001, 562018.5520000012 5227598.381999999, 561956.8650000009 5227649.114999999, 561924.589 5227661.876000001, 561910.326000001 5227667.515, 561917.3589999992 5227709.417999999, 561933.9050000012 5227807.999, 561983.1850000002 5227799.662, 561999.7129999996 5227796.866, 562120.3990000008 5227776.449999999, 562070.9320000004 5227677.471)), ((562434.1169999999 5227804.948999999, 562363.7460000009 5227465.697000001, 562341.4069999991 5227333.649, 561867.7289999992 5227413.95, 561898.5560000006 5227597.508, 561907.0189999993 5227647.664999999, 561946.4929999999 5227631.601, 562010.6999999991 5227578.794, 562056.067999999 5227575.421, 562086.9579999993 5227662.479000001, 562146.8320000004 5227688.324, 562230.2970000005 5227654.655, 562290.5729999993 5227816.138, 562371.4579999999 5227798.227999999, 562375.8059999997 5227817.861, 562434.1169999999 5227804.948999999)), ((562277.841 5227839.552999999, 562218.6730000002 5227681.035, 562146.5700000013 5227710.12, 562099.4380000005 5227689.775999999, 562141.0979999999 5227772.948, 562156.8960000005 5227866.332999999, 562277.841 5227839.552999999)))",POINT (562175.7369999997 5227592.5321)
7796291,0,2118 Lyell Highway Hayes TAS 7140 Australia,"MULTIPOLYGON (((500690.55499999865 5265917.823000001, 500777.28300000064 5265867.863, 500814.5050000007 5265837.239999999, 500848.4500000002 5265799.474000001, 500926.7300000008 5265711.802999999, 500974.95700000064 5265669.21, 501038.5530000009 5265624.311000001, 501103.81400000036 5265577.478, 501096.9960000005 5265567.672, 501059.4219999998 5265502.356000001, 501055.77300000074 5265476.809000001, 501052.86899999995 5265470.03, 501001.636000001 5265489.868999999, 500932.81599999976 5265506.3040000005, 500880.33299999917 5265508.496000001, 500841.49500000046 5265498.622, 500819.79400000034 5265498.277000001, 500801.6579999991 5265504.377, 500784.06400000094 5265518.824, 500761.91000000073 5265546.955999999, 500739.15300000063 5265580.671999999, 500697.97900000133 5265678.273, 500679.7590000001 5265736.556000001, 500668.48700000055 5265828.103999999, 500653.4439999992 5265899.6790000005, 500667.5060000005 5265897.144999999, 500671.6229999992 5265898.133000001, 500677.15200000023 5265900.737000001, 500678.67900000047 5265902.390000001, 500684.87999999966 5265915.464, 500686.32400000095 5265916.875000001, 500688.093999999 5265921.588000001, 500690.55499999865 5265917.823000001)), ((501166.8499999995 5265687.591999999, 501114.07999999914 5265592.917, 501080.9670000009 5265616.227999999, 501053.4910000011 5265637.485999999, 501027.8649999999 5265654.502999999, 501011.38300000003 5265664.531, 500999.9529999994 5265672.792, 500990.4569999995 5265680.988, 500979.57699999854 5265688.874, 500949.46300000115 5265715.236, 500936.7479999991 5265727.658, 500889.7020000003 5265779.367999999, 500878.84399999934 5265793.744999999, 500858.8700000007 5265814.526000001, 500841.4640000004 5265834.433000001, 500818.06900000083 5265858.637999999, 500810.77500000014 5265865.181000001, 500785.03400000103 5265883.291, 500758.8410000006 5265900.346999999, 500743.6210000012 5265908.258, 500719.65900000033 5265923.324000001, 500695.4759999993 5265951.002000001, 500677.88499999966 5265980.7, 500696.38500000024 5265969.629999999, 501166.8499999995 5265687.591999999)), ((501475.5249999997 5267008.210000001, 501573.8059999994 5266396.065999999, 501536.7860000003 5266513.403999999, 501524.424 5266607.716999999, 501476.5319999992 5266693.925000001, 501445.99300000095 5266896.619000001, 501459.1140000002 5266973.440999999, 501475.5249999997 5267008.210000001)), ((501449.4289999991 5266976.491, 501435.80399999954 5266896.718999999, 501466.8549999994 5266690.629000001, 501514.69900000084 5266604.508, 501526.9430000002 5266511.083000001, 501565.022 5266400.969, 501177.4280000011 5265706.479, 500705.6540000008 5265988.261000001, 500682.976999999 5266000.359, 500665.9829999998 5266009.416999999, 500660.59900000016 5266012.258000001, 500645.04800000123 5266022.228, 500651.1089999996 5266033.161000001, 500711.3370000012 5266141.031, 500921.81200000085 5266532.125, 501167.05299999926 5266947.102999999, 501204.43599999906 5267013.379, 501267.61600000085 5266977.983999999, 501274.6770000006 5266974.028000001, 501273.5190000003 5266997.556000001, 501273.26199999964 5267010.386999999, 501273.60400000133 5267016.803000001, 501274.97300000046 5267020.823, 501280.1050000001 5267025.699, 501287.76800000085 5267034.941, 501299.9859999985 5267044.792000001, 501309.83699999994 5267054.453000001, 501320.6600000013 5267070.212, 501324.11999999906 5267080.899, 501324.9949999992 5267083.619, 501326.96900000016 5267087.177000001, 501329.45000000007 5267090.607, 501333.3300000003 5267094.860999999, 501334.21999999986 5267095.495999999, 501339.5599999997 5267098.287, 501356.1449999986 5267103.948999999, 501472.684 5267025.906000001, 501449.4289999991 5266976.491)))",POINT (501122.28000000026 5266259.2523)
7716140,0,369 Memana Road Whitemark TAS 7255 Australia,"MULTIPOLYGON (((588120.4999999993 5563378.763, 587846.220999999 5563429.816, 587859.5740000006 5563501.364999999, 587940.1699999993 5563933.227999999, 588135.877000001 5563963.823000001, 588227.0150000007 5563964.304999999, 588120.4999999993 5563378.763)))",POINT (588037.4804999996 5563678.4051)
5475937,0,172 Mcguires Marsh Road Osterley TAS 7140 Australia,"MULTIPOLYGON (((480061.8530000008 5315883.726, 480050.3959999996 5315835.950999999, 480006.51200000115 5315652.975999999, 479995.6840000015 5315607.832, 479900.5359999996 5315211.108, 479587.3249999994 5315268.840000001, 479649.198 5315658.827, 479656.9600000003 5315707.587, 479680.5920000004 5315856.016000001, 479699.38399999915 5315974.044, 480000.0910000007 5315899.115999999, 480061.8530000008 5315883.726)))",POINT (479888.38210000005 5314645.2513)
6003587,9979908,120 Tip Road Nubeena TAS 7184 Australia,"MULTIPOLYGON (((562897.0780000006 5227809.661000001, 562815.6089999992 5227367.062, 562363.7460000009 5227465.697000001, 562434.1169999999 5227804.948999999, 562452.0499999991 5227897.228, 562454.2100000005 5227907.052000001, 562636.6060000006 5227868.072, 562897.0780000006 5227809.661000001)))",POINT (562175.7369999997 5227592.5321)
6490979,0,148 Holmes Road Roland TAS 7306 Australia,"MULTIPOLYGON (((435768.39899999957 5413997.234000001, 435814.8609999998 5413966.776999999, 435871.7549999992 5413973.622000001, 435806.6309999999 5413863.356000001, 435645.2060000012 5413962.632999999, 435657.14500000054 5413970.135000001, 435768.39899999957 5413997.234000001)), ((436229.78599999927 5414430.744, 436265.3619999994 5414310.218, 436105.51499999897 5414408.5370000005, 435859.5470000005 5413992.418, 435819.74900000065 5413987.629999999, 435772.1239999995 5414018.850000001, 435648.29899999883 5413988.687999999, 435628.1939999995 5413973.375, 435482.37299999973 5413742.436, 434997.0149999989 5414049.307000001, 435066.6209999996 5414153.748999999, 435271.2510000004 5414014.667999999, 435523.3190000009 5414389.697, 435754.3539999998 5414218.468, 435882.6409999995 5414411.255999999, 436003.1080000005 5414592.555000001, 435954.40499999956 5414627.424000001, 436020.74899999925 5414734.264999999, 436170.1150000001 5414976.555999999, 436367.6229999999 5414840.168999999, 436360.6799999989 5414829.917, 436386.5410000009 5414812.356000001, 436370.19600000116 5414752.015999999, 436298.93700000015 5414671.411, 436287.6659999993 5414633.465000001, 436261.2699999992 5414587.211999999, 436268.64299999934 5414518.652999999, 436251.0770000004 5414496.881000001, 436229.78599999927 5414430.744)))",POINT (435434.0262000002 5413972.2435)
9953455,9335292,1907 Woolnorth Road Woolnorth TAS 7330 Australia,"MULTIPOLYGON (((319361.1910000001 5485212.524, 319361.21300000005 5485212.504, 319525.45299999893 5485109.101, 319446.0700000001 5484655.193, 319361.8579999999 5484585, 319637.679 5484351.755000001, 320035.10799999983 5484529.148, 320111.06200000085 5484534.514000001, 320194.38700000005 5484540.400000001, 320483.2750000007 5484497.839000001, 320745.7090000006 5484533.614999999, 320799.8310000009 5484376.6389999995, 320851.5150000001 5484293.807000001, 321018.62799999974 5484401.789, 321114.79800000065 5484386.093999999, 321079.2370000001 5484021.96, 321026.38099999994 5483839.541000001, 321071.9589999999 5483634.44, 321128.8599999997 5483500.745999999, 321310.0649999997 5483452.248000001, 321390.0779999988 5483511.204000001, 321459.72700000054 5483419.407999999, 321331.8249999992 5483301.745999999, 321312.06599999894 5483285.406, 321290.69699999946 5483271.237999999, 321267.9550000011 5483259.397999999, 321244.0930000008 5483250.016999999, 321219.3769999993 5483243.200999999, 321194.0800000001 5483239.024, 321168.48400000005 5483237.533000001, 321142.8730000006 5483238.745, 320459.67299999966 5483307.305, 320391.5609999994 5483359.333999999, 320111.0889999991 5483462.241, 319921.6299999995 5483531.753, 319741.58699999936 5483562.405000001, 318610.61699999904 5483635.587, 318646.29600000044 5484229.040000001, 318956.80199999997 5484656.641999999, 318777.39400000067 5484732.426000001, 318840.9170000009 5484877.0819999995, 318922.76099999936 5484978.571000001, 318955.72000000055 5485136.755000001, 318989.47699999996 5485190.607, 319058.74300000083 5485186.208999999, 319330.0140000002 5485240.540999999, 319361.1910000001 5485212.524)))",POINT (308938.8037999999 5491289.0291)
7440826,0,89 Medeas Cove Road St Helens TAS 7216 Australia,"MULTIPOLYGON (((603200.1920000004 5423883.792, 603238.9839999996 5423636.958, 603032.610999999 5423671.313000001, 603088.3309999998 5423984.115, 603136.1300000004 5423976.267999999, 603147.9220000007 5423974.375, 603174.0420000011 5423971.274999999, 603184.0040000008 5423970.092000001, 603183.9579999989 5423931.44, 603183.9409999996 5423917.165, 603200.1920000004 5423883.792)), ((603713.9690000006 5423866.720999999, 603677.1760000009 5423674.573, 603654.7700000006 5423557.682, 603373.2110000004 5423610.139, 603375.2009999997 5423619.995000001, 603250.9580000008 5423644.825000001, 603247.3390000007 5423648.600000001, 603209.9950000002 5423886.2129999995, 603200.5049999997 5423914.065, 603457.7370000008 5423865.413, 603479.9689999995 5424003.12, 603731.0230000002 5423955.88, 603713.9690000006 5423866.720999999)))",POINT (603460.5395 5423944.7687)
7130393,0,161 Back Creek Road Pipers River TAS 7252 Australia,"MULTIPOLYGON (((506532.33999999904 5451510.500000001, 506426.81100000045 5451665.205999999, 506269.55499999935 5451688.83, 506170.43599999906 5451703.719999999, 506121.39500000037 5451712.329, 506120.3949999991 5451712.504999999, 506103.791000001 5451750.926999999, 506120.63999999885 5451836.653, 506110.7130000009 5451898.336000001, 506143.35900000064 5451976.847, 506111.84400000074 5452028.434, 506198.9650000001 5452195.312000001, 506602.67600000056 5452482.998, 506672.38899999997 5452120.1850000005, 506681.54600000125 5451942.102999999, 506675.3990000008 5451874.218000001, 506640.08100000024 5451715.65, 506624.04500000016 5451657.548000001, 506591.64700000104 5451562.898999999, 506574.32100000116 5451534.360000001, 506533.7420000003 5451511.387, 506532.33999999904 5451510.500000001)))",POINT (506424.3848000001 5451983.2715)
6428382,0,369 Memana Road Whitemark TAS 7255 Australia,"MULTIPOLYGON (((588678.4809999998 5563835.865000001, 588578.9610000005 5563293.428000001, 588120.4999999993 5563378.763, 588227.0150000007 5563964.304999999, 588290.3859999991 5563987.244, 588318.504999999 5563971.600000001, 588360.6510000004 5563927.792000001, 588409.0199999987 5563910.555, 588476.1179999991 5563916.769, 588526.0720000005 5563872.958999999, 588563.5229999997 5563851.084, 588619.7649999988 5563849.481000001, 588678.4809999998 5563835.865000001)))",POINT (588396.7745000003 5563622.9262)
7166054,0,36 Reids Road Irishtown TAS 7330 Australia,"MULTIPOLYGON (((345974.4179999993 5470466.532, 345974.45299999893 5470446.419, 345628.75299999915 5470447.079000001, 345628.79400000034 5470467.192, 345974.4179999993 5470466.532)))",POINT (345756.08139999956 5470295.3584)
5273454,0,401 Bresnehans Road Little Swanport TAS 7190 Australia,"MULTIPOLYGON (((574433.4970000015 5314883.759000001, 574341.2389999997 5314471.966, 574206.0000000012 5314502.363, 574035.0860000007 5314540.779000001, 574035.0000000008 5314540.797000001, 573874.7059999998 5314574.221000001, 573959.8499999996 5314983.019999999, 574433.4970000015 5314883.759000001)))",POINT (574163.0524000004 5314734.6121)
1957664,0,3470 North Road Egg Lagoon TAS 7256 Australia,"MULTIPOLYGON (((240735.6649999991 5604416.600000001, 240497.7009999999 5604441.790000001, 240560.9829999999 5605002.282999999, 240480.85500000068 5605199.766, 240463.87399999902 5605313.383, 240768.55299999999 5605282.356999999, 240757.73900000108 5605054.364, 240735.6649999991 5604416.600000001)))",POINT (240635.9249999998 5604879.9718)
7254038,0,3 Stevenson Road Lower Barrington TAS 7306 Australia,"MULTIPOLYGON (((442362.8450000001 5429247.404, 442478.40599999996 5429227.625, 442770.69500000135 5429177.598, 442753.04600000114 5429137.333, 442748.8329999993 5429126.551, 442745.41899999883 5429113.892000001, 442744.6509999997 5429109.648999999, 442744.02200000035 5429043.328000001, 442743.37700000056 5429039.772, 442719.423000001 5428974.822, 442708.2720000009 5428952.549, 442702.75799999933 5428935.786999999, 442693.9150000006 5428920.955999999, 442413.3130000008 5428967.863999999, 442305.72199999925 5428985.850000001, 442300.9279999997 5428986.641000001, 442317.4429999994 5429097.475, 442178.2640000001 5429092.895, 442177.00100000086 5429084.849999999, 442119.9650000009 5429084.124, 442121.24000000104 5429092.140999999, 442126.6130000007 5429125.933, 442162.1050000008 5429125.438, 442220.34199999983 5429141.494, 442251.20700000157 5429157.955000001, 442263.41600000137 5429166.114999999, 442278.3009999993 5429178.876000001, 442292.86400000006 5429196.579999999, 442354.79299999925 5429248.782, 442362.8450000001 5429247.404)))",POINT (442493.6052000001 5429095.1979)
9884363,0,167 Adams Road Lebrina TAS 7254 Australia,"MULTIPOLYGON (((519223.36800000083 5444350.195, 519165.2630000012 5444298.893000001, 519132.8600000014 5444325.306000001, 519092.76300000085 5444332.252999999, 519089.32900000026 5444312.443000001, 519087.34800000116 5444312.786000001, 519052.75900000054 5444262.101999999, 518888.33200000017 5444222.204000001, 518792.18599999894 5444194.926, 518791.06700000016 5444231.238999999, 518815.64700000046 5444359.839999999, 518817.80399999884 5444371.129000001, 518935.49400000006 5444533.3719999995, 518972.24899999925 5444506.774999999, 519143.330000001 5444393.937000001, 519223.36800000083 5444350.195)))",POINT (518386.43649999984 5444380.8647)
6472009,0,105 Saltwood Road Pipers Brook TAS 7254 Australia,"MULTIPOLYGON (((518910.7589999995 5457234.266, 518862.34700000007 5457138.217999999, 518816.9130000004 5457054.85, 518447.96199999936 5456761.332999999, 517735.26299999945 5457550.639, 517730.67700000014 5457555.718, 517606.35800000036 5457693.398999999, 518108.80700000026 5458135.5819999995, 518910.7589999995 5457234.266)))",POINT (518276.63329999987 5457445.4606)
2037253,0,301 Moriarty Road Moriarty TAS 7307 Australia,"MULTIPOLYGON (((454252.52299999935 5436483.749000001, 454598.8909999998 5436419.77, 454564.40300000086 5436311.714, 454504.04200000095 5436293.869, 454500.33099999954 5436278.866000001, 454549.22099999967 5436203.499, 454557.2809999997 5436183.661999999, 454595.0960000006 5436073.154000001, 454580.5890000006 5436065.074999999, 454431.54899999883 5435943.808999999, 454376.704999999 5435957.001000001, 454319.6919999999 5435944.369999999, 454316.90699999884 5435942.4290000005, 454331.14800000016 5435998.741000001, 454315.978 5436056.588000001, 454246.73199999915 5436057.558000001, 454177.102000001 5436039.235000001, 454172.82499999925 5436038.108999999, 454172.69699999935 5436037.334, 454047.4409999994 5436049.608999999, 454056.65500000014 5436114.376, 454063.01000000094 5436155.001, 454067.1840000013 5436183.663, 454072.57900000096 5436226.074999999, 454111.03300000005 5436485.613, 453928.5600000003 5436512.722, 453936.7240000005 5436531.533, 454113.8629999999 5436504.941000001, 454252.52299999935 5436483.749000001)))",POINT (454316.3035000004 5436239.0659)
9786609,0,245 Smarts Road Mount Hicks TAS 7325 Australia,"MULTIPOLYGON (((390400.1160000001 5450649.558000001, 390534.9410000001 5450648.586999999, 390601.16999999975 5450648.752000001, 390687.01300000044 5450639.789, 390696.9970000001 5450594.711, 390769.6949999996 5450559.413, 390769.7710000004 5450183.456000001, 390771.3750000004 5450055.769999999, 390774.4609999999 5450001.308000001, 390778.12900000025 5449997.519000001, 390776.34200000064 5449993.983999999, 390676.21300000005 5450006.9799999995, 390658.2950000004 5450008.585000001, 390572.71399999876 5450012.608, 390390.3750000004 5450013.397, 390373.1209999997 5449996.49, 390103.7520000001 5450001.546999999, 390159.8989999993 5450183.4569999995, 390256.85200000106 5450497.567, 390255.85399999947 5450559.891000001, 390255.67299999966 5450571.136, 390265.9469999999 5450576.040999999, 390292.7960000001 5450588.023, 390321.5689999999 5450589.730000001, 390334.6230000007 5450614.496, 390362.262 5450637.950000001, 390400.1160000001 5450649.558000001)), ((390769.61099999957 5450756.669, 390769.68500000064 5450581.784999999, 390714.5380000005 5450608.561, 390705.63000000094 5450648.775999999, 390769.61099999957 5450756.669)), ((390769.5920000004 5450802.023999999, 390687.66399999964 5450659.951, 390602.19199999876 5450668.875000001, 390534.9880000007 5450668.707, 390397.1710000002 5450669.699999999, 390352.4020000006 5450655.971, 390318.63800000085 5450627.321000001, 390309.0569999998 5450609.143, 390287.945000001 5450607.890999999, 390257.51200000045 5450594.309, 390255.3189999992 5450593.262, 390253.3700000011 5450714.997000001, 390248.20199999865 5451083.884999999, 390239.5019999994 5451704.981999999, 390765.7210000003 5451706.629999999, 390767.5930000009 5451439.524, 390769.0570000001 5451230.577, 390769.1339999997 5451219.449, 390769.554 5450892.321999999, 390769.5920000004 5450802.023999999)))",POINT (390496.5395999998 5451233.1653)
3138822,0,54 Thorpe Road Crabtree TAS 7109 Australia,"MULTIPOLYGON (((507254.06200000085 5244126.936999999, 507285.0070000009 5244078.256, 507310.7350000002 5244039.631, 507341.4660000005 5243999.829000001, 507315.22300000093 5243857.056, 507377.12499999965 5243813.5600000005, 507649.25199999986 5243621.761999999, 507453.075000001 5243511.349999999, 507429.6090000012 5243437.931000001, 507022.5519999998 5243517.905, 507096.0440000001 5243901.481999999, 507172.2010000008 5243884.961, 507222.89400000114 5244133.176999999, 507254.06200000085 5244126.936999999)))",POINT (507282.6693000002 5243703.8173)
7854105,0,121 Saunders Drive Hadspen TAS 7290 Australia,"MULTIPOLYGON (((507421.674999999 5404752.137, 507381.2699999998 5404674.762999999, 507351.95600000024 5404646.79, 507027.0090000004 5404716.352000001, 506947.3350000001 5404766.872, 506859.83999999997 5404841.911000001, 506854.6220000007 5404846.405000001, 506951.9759999991 5404966.015999999, 507039.2989999994 5405071.857, 507205.1309999996 5404936.265, 507276.520999999 5404878.41, 507394.3570000004 5404775.5370000005, 507421.674999999 5404752.137)))",POINT (507130.98060000036 5404831.5904)
3309409,0,17 Walkers Road Rocky Cape TAS 7321 Australia,"MULTIPOLYGON (((371077.019000001 5469506.247000001, 371113.02500000026 5469501.671999999, 371038.18400000094 5468883.915000001, 370914.9479999993 5468888.099999999, 370911.5769999999 5468868.087000001, 370627.8910000003 5468915.536000001, 370738.421 5469622.671, 371025.3439999998 5469566.449000001, 371016.78500000003 5469514.045, 371077.019000001 5469506.247000001)))",POINT (370302.5454000002 5468911.1748)
7439526,0,418 Back Line Road Forest TAS 7330 Australia,"MULTIPOLYGON (((350508.36299999943 5475503.057999999, 350517.98299999966 5474757.058000001, 350371.21799999935 5474739.985999999, 350234.5459999994 5474793.3149999995, 350226.84300000063 5475535.014, 350296.92699999985 5475547.059999999, 350507.2379999991 5475553.034000001, 350508.36299999943 5475503.057999999)))",POINT (350013.3551000003 5475158.7073)
7192340,0,141 Sledge Track West Scottsdale TAS 7260 Australia,"MULTIPOLYGON (((540399.9730000006 5440634.228000001, 540370.3230000009 5440622.104, 540344.7930000006 5440645.491999999, 540447.2240000011 5440730.593, 540446.307000001 5440726.336000001, 540439.7270000005 5440698.446999999, 540399.9730000006 5440634.228000001)), ((540477.4489999991 5440739.274, 540670.4589999992 5440495.9690000005, 540654.6990000012 5440483.467000001, 540844.4230000007 5440244.3040000005, 540188.4530000009 5439706.212, 539859.0850000011 5439436.988, 539657.8449999988 5439683.911000001, 539459.9410000008 5439926.738, 540074.1009999992 5440423.092999999, 540226.4510000014 5440547.402999999, 540242.0510000008 5440560.131999999, 540241.7330000009 5440560.556, 540148.3929999998 5440696.772000001, 540244.4220000011 5440711.009999999, 540266.5899999999 5440705.679, 540289.4320000008 5440684.823999999, 540308.000000001 5440651.929, 540329.1830000002 5440632.522999999, 540366.1270000006 5440598.679, 540385.2679999992 5440606.468, 540382.7319999996 5440497.5479999995, 540419.8650000013 5440502.584999999, 540459.7310000006 5440509.887000001, 540476.217 5440584.964999999, 540469.8100000002 5440694.350999999, 540460.6020000011 5440699.639999999, 540471.6719999997 5440746.556, 540477.4489999991 5440739.274)))",POINT (540155.9506999999 5440084.198)
7888364,0,86 Rothwells Road Sisters Creek TAS 7325 Australia,"MULTIPOLYGON (((382133.1260000009 5463038.753, 382111.9779999992 5462854.085000001, 382129.9420000007 5462843.945, 382124.5599999986 5462832.794, 382123.28799999924 5462828.597000001, 382122.39599999983 5462825.735999999, 382119.1429999991 5462807.103, 382118.9509999993 5462804.432, 382119.00599999906 5462793.239, 382120.39700000035 5462783.187000001, 382120.64799999946 5462780.897, 382122.6009999993 5462760.734, 382122.66400000046 5462759.78, 382123.0429999995 5462757.489999999, 382124.5589999998 5462746.930000001, 382127.3460000007 5462737.006000001, 382128.2340000005 5462734.843000001, 382131.02099999925 5462725.1729999995, 382133.55000000075 5462710.415, 382134.1840000006 5462708.124999999, 382139.1229999993 5462689.929999999, 382139.18600000045 5462689.357, 382140.0740000003 5462687.194, 382146.47399999964 5462668.997999999, 382146.6010000007 5462668.235, 382147.6150000006 5462665.944, 382148.6169999995 5462663.183000001, 382151.6699999991 5462652.648, 382153.1230000005 5462643.043, 382153.18500000064 5462641.707, 382153.50100000075 5462639.608000001, 382156.0950000009 5462625.295, 382157.7419999996 5462620.459000001, 382158.9470000005 5462617.596000001, 382159.0099999994 5462617.151, 382160.6600000012 5462614.986999999, 382161.67399999883 5462613.231, 382163.13400000066 5462611.486999999, 382171.0669999997 5462603.658, 382172.268000001 5462597.996, 382172.13999999885 5462596.151999999, 382171.9619999998 5462595.923, 382169.15200000023 5462592.338, 382167.38500000077 5462590.800000001, 382163.43299999915 5462587.508, 382157.7140000004 5462583.442, 382156.06200000097 5462582.464000001, 382152.7199999996 5462580.557, 382149.77199999895 5462578.931000001, 382146.2769999993 5462577.293, 382141.14400000096 5462574.408999999, 382136.4670000013 5462571.194000001, 382132.10799999925 5462567.852, 382126.46499999904 5462563.226, 382121.97700000065 5462559.388, 382117.8210000005 5462556.046000001, 382113.6520000007 5462552.919, 382108.3389999991 5462549.5139999995, 382100.77899999975 5462545.193999999, 382085.405000001 5462538.592000001, 382078.7329999992 5462534.844999999, 382077.0809999999 5462533.192000001, 382061.82899999944 5462521.818000001, 382054.7759999989 5462517.69, 382048.1670000005 5462512.211, 382047.2770000008 5462511.460999999, 382043.56500000064 5462507.94, 382039.76399999985 5462503.159999999, 382037.9970000004 5462500.846000001, 382034.04099999927 5462493.611, 382032.08100000117 5462488.193000001, 382030.8670000002 5462481.007, 382030.54700000054 5462477.827, 382030.5209999988 5462476.402, 382029.1339999994 5462456.52, 382027.0140000004 5462425.136999999, 381644.7559999995 5462469.536, 381388.78199999925 5462499.794999999, 381393.64900000114 5462548.322000001, 381397.7300000014 5462552.745999999, 381400.8840000003 5462557.083, 381404.02600000054 5462561.799999999, 381406.25100000063 5462565.345999999, 381412.39500000025 5462575.89, 381415.81899999967 5462582.424999999, 381418.6179999993 5462588.223, 381421.3029999999 5462593.933, 381423.79699999944 5462599.948, 381425.87199999986 5462605.239000001, 381429.87000000104 5462616.519999999, 381431.6150000006 5462621.937000001, 381432.77799999923 5462630.154000001, 381438.689 5462666.430999999, 381439.69799999933 5462672.231, 381440.93600000005 5462679.711, 381442.2759999989 5462687.52, 381443.3870000008 5462694.7700000005, 381444.7779999999 5462703.190999999, 381446.1699999999 5462712.043, 381447.57400000095 5462720.7809999995, 381448.9790000008 5462729.162999999, 381453.440000001 5462747.365, 381467.4470000003 5462743.333999999, 381469.63799999957 5462750.1, 381472.71799999964 5462757.832000001, 381475.91199999885 5462764.431000001, 381478.86300000024 5462770.025999999, 381481.94199999934 5462775.036, 381485.46500000055 5462780.274, 381489.1139999996 5462785.283, 381494.225999999 5462791.805, 381502.7820000002 5462800.906, 381513.57300000044 5462810.5649999995, 381507.5610000002 5462818.750000001, 381515.63099999924 5462824.036, 381523.8789999995 5462829.041000001, 381533.2300000002 5462833.881, 381540.6140000004 5462836.980000001, 381548.6819999996 5462839.822, 381556.83899999945 5462842.283, 381563.42000000086 5462843.741000001, 381571.7539999987 5462845.338000001, 381580.36699999945 5462846.373, 381587.8609999991 5462846.977999999, 381595.6990000003 5462846.972, 381648.4099999991 5462843.661000001, 381648.93900000013 5462853.799999999, 381658.97300000116 5462852.900999999, 381669.90900000057 5462851.913000001, 381676.34800000134 5462851.449999999, 381684.5159999989 5462851.6850000005, 381694.0939999991 5462852.198999999, 381702.97399999946 5462853.5030000005, 381710.3689999996 5462855.074, 381716.4029999997 5462856.66, 381723.048000001 5462858.779, 381733.98799999995 5462862.904, 381743.4290000001 5462867.68, 381754.3829999999 5462874.235000001, 381763.10200000054 5462880.715000001, 381771.6689999994 5462888.074, 381777.81000000046 5462894.303000001, 381787.1160000004 5462905.503, 381792.343 5462912.926999999, 381800.9639999998 5462908.073, 381811.6490000001 5462927.451000001, 381846.9980000007 5463023.945000001, 381853.6900000004 5463021.79, 381871.2419999986 5463069.997, 381918.0820000013 5463064.502999999, 382133.1260000009 5463038.753)), ((381731.5419999998 5462886.337, 381723.91800000047 5462882.591000001, 381717.9330000008 5462880.077, 381709.941999999 5462877.500999999, 381701.35300000024 5462875.587000001, 381690.2510000005 5462873.967, 381672.2130000001 5462872.836999999, 381649.69300000067 5462873.961000001, 381649.84800000105 5462878.730999999, 381612.81100000045 5462881.417999999, 381593.9749999996 5462882.82, 381575.81000000046 5462881.689, 381563.6659999994 5462879.981999999, 381556.72899999993 5462878.6899999995, 381551.80000000016 5462877.637999999, 381543.4139999988 5462875.482, 381525.48600000027 5462869.123, 381522.27099999995 5462867.675000001, 381516.50199999975 5462865.110000001, 381508.3439999989 5462861.135000001, 381505.2429999999 5462859.381999999, 381502.0530000003 5462857.489, 381496.16899999994 5462853.690000001, 381486.5729999994 5462846.637999999, 381482.968999999 5462850.877000001, 381472.88900000055 5462842.337, 381461.0779999988 5462830.680000001, 381456.69200000074 5462825.976999999, 381452.29300000065 5462820.789999999, 381443.901 5462809.348, 381439.7540000001 5462803.195, 381437.5410000009 5462799.876, 381431.81699999934 5462789.45, 381426.9800000009 5462779.786, 381422.7169999999 5462768.404000001, 381417.8280000003 5462755.3040000005, 381445.0260000004 5462988.913, 381451.9080000001 5463049.367, 381454.7149999989 5463070.927, 381458.5179999996 5463100.167, 381461.1640000009 5463119.462000001, 381833.3449999997 5463074.95, 381789.5070000008 5462957.895, 381782.51900000125 5462939.277999999, 381780.738000001 5462935.119999999, 381775.8920000002 5462927.300999999, 381769.4190000008 5462917.918, 381762.947999999 5462910.519999999, 381757.95099999965 5462905.257000001, 381754.5450000006 5462902.029000001, 381747.1740000002 5462896.056, 381740.30999999866 5462891.227999999, 381731.5419999998 5462886.337)))",POINT (381796.6506000003 5462564.6469)
9815352,0,19 Central Castra Road Sprent TAS 7315 Australia,"MULTIPOLYGON (((427816.3320000003 5430268.171, 427771.11099999934 5430232.117, 427763.81700000085 5430233.823, 427759.1550000007 5430245.475, 427706.7680000011 5430286.458000001, 427816.3320000003 5430268.171)), ((427515.8329999991 5430279.373000001, 427569.1639999993 5430276.147000001, 427629.16800000006 5430286.302000001, 427686.3460000007 5430276.888000001, 427742.4879999993 5430232.967000001, 427749.0299999992 5430216.621, 427776.02600000065 5430210.300999999, 427821.92300000146 5430246.896, 427903.4079999989 5430233.817999999, 427951.1160000013 5430248.965000001, 428206.3930000005 5430213.22, 428207.3630000006 5430142.844999999, 428205.4129999993 5430067.282999999, 428078.6390000014 5430008.379, 427607.6789999998 5430086.431999999, 427491.26300000004 5430049.39, 427464.77700000047 5430235.262999999, 427499.3190000005 5430295.731000001, 427515.8329999991 5430279.373000001)), ((427598.61799999967 5430301.537999999, 427568.0780000003 5430296.369, 427524.61000000034 5430298.999000001, 427509.6579999995 5430313.874, 427520.1569999993 5430312.423, 427563.1560000009 5430306.482000001, 427598.61799999967 5430301.537999999)))",POINT (427868.6339999996 5430146.1657)
2015628,0,523 Yarlington Road Colebrook TAS 7027 Australia,"MULTIPOLYGON (((526059.814 5289685.731000001, 526027.7670000006 5289685.532999999, 526031.7099999997 5289706.806, 526033.743 5289717.779999999, 526042.8159999991 5289710.978, 526076.345999999 5289685.834, 526059.814 5289685.731000001)), ((525900.5200000003 5289671.823999999, 526020.2609999999 5289645.031999999, 526024.0339999992 5289665.39, 526086.4270000006 5289665.775999999, 526102.9589999996 5289665.877, 526111.9799999995 5289659.114, 526116.9709999994 5289484.184, 526090.1340000002 5289372.233999999, 526194.206 5289320.197000001, 526113.8060000006 5289252.353999999, 526063.8169999996 5289205.814000001, 525985.2749999999 5289182.966000001, 525903.3970000006 5289113.928, 525898.3579999991 5289078.372999999, 525873.8000000009 5289067.035, 525863.868999999 5289073.465, 525539.9560000014 5289283.182, 525552.9400000006 5289337.883999999, 525554.1959999995 5289343.629, 525574.5300000003 5289436.642000001, 525596.4920000007 5289537.384, 525618.4389999994 5289638.056999999, 525638.5790000006 5289730.435, 525900.5200000003 5289671.823999999)))",POINT (525847.2823000001 5289417.1358)
2250687,0,45 Eddington Road Bagdad TAS 7030 Australia,"MULTIPOLYGON (((520421.9599999996 5280632.105, 519675.35800000024 5280564.022999999, 519779.13499999885 5279960.735999999, 519165.92199999955 5279862.679, 518883.7750000012 5279817.698000001, 518772.0310000004 5279885.938999999, 518697.8390000005 5279860.677, 518691.1899999997 5279858.364, 518683.76199999976 5279856.153000001, 518683.54000000085 5279856.626999999, 518681.2099999996 5279863.017, 518675.8650000014 5279870.585000001, 518662.98699999985 5279888.821, 518661.7159999992 5279891.943999999, 518659.5039999989 5279897.378999999, 518657.172 5279903.107, 518644.731999999 5279925.900000001, 518645.5160000009 5279941.029, 518641.36999999976 5279948.168999999, 518629.7899999992 5279958.588, 518625.3710000013 5279965.727000001, 518622.8490000003 5279982.222, 518616.77800000075 5279989.630999999, 518614.00599999935 5279997.049999999, 518614.0039999995 5279997.89, 518613.9830000006 5280005.025999999, 518611.3300000011 5280018.342999999, 518643.6609999996 5280031.334, 518631.70700000075 5280070.859, 518653.5029999986 5280108.819, 518618.70299999905 5280113.633999999, 518640.8309999998 5280143.714, 518646.8379999994 5280159.406, 518649.47900000017 5280171.554, 518650.36799999874 5280175.643000001, 518655.18499999924 5280182.139000001, 518657.7869999986 5280189.226999999, 518659.85199999996 5280195.897000001, 518659.0390000001 5280205.06, 518658.2189999997 5280209.705, 518657.5779999995 5280211.726, 518667.8790000002 5280217.374, 518858.89299999946 5280322.109, 518903.0679999994 5280311.243, 518950.95299999986 5280360.661999999, 518976.34900000086 5280503.197000001, 518675.1109999985 5280476.984, 518650.10300000117 5280511.624999999, 518619.7520000008 5280531.756000001, 518600.8249999996 5280534.6959999995, 518560.6920000006 5280553.050999999, 518511.6569999992 5280555.372999999, 518449.1250000001 5280548.451000001, 518445.34100000083 5280548.032, 518450.4340000012 5280568.14, 518454.63200000126 5280578.193, 518458.9559999993 5280586.465, 518463.7870000005 5280593.59, 518479.80199999944 5280611.401000001, 518482.72699999914 5280616.999, 518486.67200000037 5280628.581, 518489.7240000012 5280634.052000001, 518492.9019999999 5280637.869, 518501.4169999998 5280645.119999999, 518505.9940000011 5280650.589999999, 518513.8770000009 5280662.805999999, 518522.77800000017 5280678.582999999, 518526.08499999973 5280685.454999999, 518532.6969999989 5280695.889, 518544.3919999995 5280709.883999999, 518547.95200000016 5280715.864, 518555.96400000085 5280733.807999999, 518559.78099999996 5280743.733, 518561.18200000015 5280750.223999999, 518561.4399999997 5280757.988, 518561.3289999991 5280784.973999999, 518559.6809999994 5280791.466000001, 518555.87399999914 5280799.36, 518553.72100000037 5280809.672000001, 518550.6840000013 5280832.585999999, 518550.6869999999 5280840.223, 518551.96700000064 5280854.606, 518551.96999999916 5280858.297000001, 518718.7679999998 5280862.653999999, 518741.1269999995 5280863.148999999, 518830.6899999996 5280865.514999999, 519223.63999999885 5280865.676000001, 519108.3740000002 5281048.403000001, 519092.252999999 5281074.251000001, 519148.9159999994 5281074.73, 520112.12000000104 5281132.43, 520431.5309999995 5281147.212, 520421.9599999996 5280632.105)))",POINT (519375.3206000002 5280578.6794)
3158196,0,423 Slab Road Cygnet TAS 7112 Australia,"MULTIPOLYGON (((506047.5170000008 5225796.611, 506018.0399999996 5225791.936, 505988.79700000037 5225793.708000001, 505956.5409999995 5225819.229, 505950.39899999974 5225833.471999999, 506038.45700000157 5225817.564000001, 506047.5170000008 5225796.611)), ((505476.5749999997 5225900.671000001, 505684.82200000074 5225859.992, 505688.99399999913 5225880.696000001, 505944.45799999987 5225834.545000001, 505952.4249999997 5225816.072000001, 505986.91500000074 5225788.783, 506018.28499999933 5225786.882000001, 506049.5499999989 5225791.9120000005, 506056.57199999935 5225775.671999999, 506066.2800000014 5225723.526000001, 506098.2899999992 5225621.248999999, 506154.55499999935 5225546.799, 506181.6150000007 5225524.818, 506203.6230000007 5225510.5940000005, 506247.10600000026 5225494.548000001, 506297.04300000006 5225491.576000001, 506333.09000000055 5225480.0879999995, 506381.34100000013 5225455.014, 506392.9749999994 5225446.428, 505877.5050000008 5225536.742999999, 505641.05899999954 5225578.010999999, 505433.6290000003 5225613.540999999, 505476.5749999997 5225900.671000001)))",POINT (505795.25989999995 5225691.4742)
1768409,0,21 Waterson Lane Carlton TAS 7173 Australia,"MULTIPOLYGON (((554570.9949999991 5254839.980000001, 554584.4050000001 5254836.985999999, 554652.5550000009 5254822.808000001, 554662.3809999994 5254820.764, 554661.1129999995 5254816.532, 554660.6610000005 5254804.863000001, 554633.2829999994 5254723.594999999, 554632.9339999994 5254722.5600000005, 554610.6519999993 5254636.510999999, 554596.7070000002 5254582.6620000005, 554593.639000001 5254570.813999999, 554564.4419999992 5254445.528, 554248.4299999995 5254331.659, 554250.6830000011 5254342.075999999, 554361.57 5254883.337000001, 554570.9949999991 5254839.980000001)))",POINT (554449.1518999999 5254622.7816)
6490565,0,78 Cethana Road Cethana TAS 7306 Australia,"MULTIPOLYGON (((431297.5030000006 5408306.911000001, 431300.86100000027 5408015.902000001, 431274.82899999956 5407989.948999999, 431212.8419999999 5408017.093, 431161.2229999994 5408009.43, 431043.33400000026 5408051.539, 430864.3150000011 5408013.1, 430850.5679999989 5408006.896999999, 430903.838 5408081.537999999, 430870.01200000005 5408103.481999999, 431103.96100000094 5408432.297, 431297.5030000006 5408306.911000001)))",POINT (431117.9610000001 5408182.9718)
9318694,0,101 Pateena Road Travellers Rest TAS 7250 Australia,"MULTIPOLYGON (((508543.65099999984 5404777.933999999, 508455.72900000145 5404696.953999999, 508414.35300000105 5404657.556, 508295.12499999965 5404544.214000001, 508223.11500000104 5404475.782000001, 508061.8630000008 5404538.989000001, 507967.0359999996 5404427.027000001, 507964.2649999992 5404424.642, 508364.3870000009 5404911.483000001, 508477.28899999976 5404827.644, 508543.65099999984 5404777.933999999)))",POINT (508220.4561999999 5404758.9214)
7030966,0,75 Coppermine Road Frankford TAS 7275 Australia,"MULTIPOLYGON (((479799.7900000006 5427831.007, 479812.054999999 5427672.290000001, 479272.14099999913 5427769.098000001, 478966.0729999989 5427821.9569999995, 479031.7690000002 5428198.433999999, 479041.6729999995 5428196.705999999, 479063.77300000086 5428323.39, 479280.8890000001 5428141.191999999, 479799.7900000006 5427831.007)))",POINT (479332.6941999998 5427932.5084)
9048530,9572209,76 Goodwins Road Mangalore TAS 7030 Australia,"MULTIPOLYGON (((519904.09400000016 5278509.993999999, 519895.45600000094 5278518.143, 519893.7920000006 5278519.713000001, 519909.15000000095 5278597.141000001, 520131.23800000106 5278654.336, 520259.15100000007 5278694.174999999, 520295.36899999913 5278844.169000001, 520268.9800000016 5278927.919000001, 520223.7999999997 5278970.776, 520199.67499999923 5278945.682, 520138.25399999996 5279004.731999999, 520221.77900000033 5279101.068, 520309.9460000007 5279167.77, 520389.7879999989 5279054.264999999, 520435.94799999986 5278988.643000001, 520488.88400000054 5278913.388000001, 520490.3760000012 5278891.059999999, 520440.6900000004 5278795.525000001, 520424.225 5278781.903999999, 520419.9800000015 5278767.352000001, 520307.6950000011 5278696.730999999, 520134.51800000004 5278642.793, 519919.4480000009 5278587.406, 519904.09400000016 5278509.993999999)))",POINT (520355.34810000006 5278938.0758)
7191380,0,678 Pegarah Road Pegarah TAS 7256 Australia,"MULTIPOLYGON (((250243.77700000032 5575080.843, 250224.76400000154 5574895.319999999, 249717.5069999992 5574948.466, 249744.79200000016 5574949.103000001, 249781.29400000046 5574952.202999999, 249795.42899999963 5574954.587000001, 249799.39499999973 5574955.303000001, 249817.1950000007 5574959.403000001, 249845.29899999875 5574968.5030000005, 249856.29800000152 5574972.103999999, 249910.0010000003 5574989.404, 249945.22100000008 5575000.454000001, 249973.4750000001 5575009.534, 250045.26299999986 5575032.49, 250127.62999999995 5575057.383999999, 250192.31599999877 5575077.705, 250229.31799999974 5575087.405, 250244.80200000014 5575090.845999999, 250243.77700000032 5575080.843)))",POINT (250099.70409999974 5574505.4203)
1879096,0,611 Montumana Road Montumana TAS 7321 Australia,"MULTIPOLYGON (((373114.753999999 5467672.0309999995, 373072.6139999991 5467380.597999999, 373502.0410000003 5467319.588999999, 373513.4249999992 5467317.971999999, 373492.1320000005 5467184.404000001, 373441.4020000008 5467192.2930000005, 373415.3060000002 5467196.352000001, 372987.602000001 5467262.868999999, 372987.5510000008 5467262.543, 372909.3699999999 5466762.750999999, 372796.8749999993 5466777.754999999, 372709.7469999995 5466789.375, 372758.71800000104 5467104.112, 372762.12299999915 5467125.995, 372811.14300000115 5467440.966, 372599.6829999996 5467473.876, 372600.9729999993 5467482.164000001, 372641.9639999991 5467745.548, 373058.04799999984 5467680.848000001, 373086.311 5467676.453000001, 373114.753999999 5467672.0309999995)))",POINT (372835.6695999997 5465704.2821)
3469314,0,210 Briggs Road Honeywood TAS 7017 Australia,"MULTIPOLYGON (((523638.2650000006 5268889.814, 523651.2709999997 5268794.299999999, 523657.57700000005 5268747.188999999, 523659.9319999999 5268695.437999999, 523657.79899999895 5268635.290999999, 523639.12900000066 5268573.185, 523301.7960000008 5268502.575000001, 523039.0839999991 5268431.472000001, 522951.07400000107 5268407.807000001, 522945.14199999906 5268406.212000001, 522887.20199999877 5268394.8209999995, 522717.15000000084 5268362.006000001, 522501.27999999933 5268319.719999999, 522463.8850000008 5268603.548000001, 522446.9210000007 5268731.400000001, 522450.79899999895 5268786.484, 522458.40500000014 5268790.957000001, 522594.1870000005 5268849.918, 522620.84100000013 5268854.243000001, 522695.6569999987 5268875.4059999995, 522725.03700000024 5268882.661000001, 523041.4900000013 5268869.859000001, 523047.6600000004 5268869.034, 523174.1079999992 5268852.124999999, 523343.5090000001 5268895.252000001, 523588.40099999856 5268884.7979999995, 523638.2650000006 5268889.814)))",POINT (523010.1646999996 5268651.5785)
7029199,0,270 Bishopsbourne Road Carrick TAS 7291 Australia,"MULTIPOLYGON (((500857.22800000024 5399318.416, 500534.4759999992 5399236.758, 500312.76999999897 5399180.458999999, 500121.21199999924 5399131.352000001, 500054.39400000055 5399391.720000001, 500772.7319999988 5399576.190999999, 500816.7419999995 5399442.711999999, 500857.22800000024 5399318.416)))",POINT (500452.01580000017 5399354.1607)
7564183,0,1470 Birralee Road Birralee TAS 7303 Australia,"MULTIPOLYGON (((485454.57000000065 5415792.706, 485809.99899999925 5415733.143000001, 485807.5199999992 5415712.485000001, 485795.5760000015 5415654.417000001, 485785.493 5415614.903, 485775.7320000002 5415578.248, 485770.8219999996 5415562.748000001, 485770.31099999894 5415560.333999999, 485770.18300000124 5415558.618, 485770.60999999964 5415542.732, 485770.9239999999 5415540.062999999, 485771.6839999999 5415537.647999999, 485776.18300000054 5415526.9059999995, 485777.45100000023 5415524.298000001, 485779.2900000011 5415521.818, 485789.8890000015 5415510.879, 485790.9050000012 5415510.116000001, 485793.6359999991 5415508.779000001, 485804.99800000037 5415500.1899999995, 485812.80499999924 5415493.257, 485816.54900000046 5415489.123, 485817.81799999916 5415487.343, 485820.8609999998 5415481.939000001, 485821.6220000007 5415480.095, 485824.4700000008 5415470.308, 485825.7969999999 5415463.888, 485825.7899999996 5415458.106000001, 485824.44500000007 5415448.957, 485818.14600000007 5415428.943, 485815.07699999993 5415422.340999999, 485806.6110000005 5415407.734000001, 485794.5859999991 5415392.431000001, 485792.8040000001 5415389.572999999, 485791.4029999998 5415386.779, 485104.5659999986 5415517.838000001, 485124.8460000006 5415631.350999999, 485308.4269999993 5415735.702, 485342.338999999 5415811.788, 485454.57000000065 5415792.706)))",POINT (485464.96999999974 5415596.9034)
3559897,0,12 South Street Lulworth TAS 7252 Australia,"MULTIPOLYGON (((505802.4890000011 5461025.212, 505860.35399999935 5461004.024999999, 506084.4369999992 5460964.416000001, 506259.88699999976 5460946.55, 506279.4000000014 5460943.18, 506298.91299999866 5460939.809999999, 506318.42600000044 5460936.44, 506337.9389999999 5460933.069999999, 506357.45199999935 5460929.700000001, 506376.9659999998 5460926.330000001, 506394.67599999916 5460923.271, 506396.47899999924 5460922.96, 506415.9919999987 5460919.589999999, 506435.50500000035 5460916.221, 506455.07200000086 5460912.842000001, 506451.705000001 5460893.136000001, 506257.1280000004 5460926.389, 506131.3809999998 5460939.193, 506094.93700000015 5460945.499000001, 505430.2560000011 5459967.915, 505002.5310000008 5460046.699999999, 505028.33299999894 5460183.496, 505099.3980000004 5460567.943, 505220.9569999997 5460541.151, 505317.377000001 5460579.162, 505386.20099999954 5460649.1680000005, 505424.3850000005 5460790.584000001, 505609.4599999996 5460880.276, 505706.1890000005 5460916.82, 505727.9280000011 5461052.509999999, 505802.00299999886 5461025.39, 505802.4890000011 5461025.212)))",POINT (505511.1582000004 5460491.5859)
9659424,0,3340 Lake Leake Road Lake Leake TAS 7210 Australia,"MULTIPOLYGON (((568585.224 5346351.566999999, 568583.5039999989 5346342.673, 568534.9650000008 5346074.281000001, 568506.6459999998 5345917.909, 568504.6800000002 5345918.279000001, 567988.824 5346015.380000001, 567728.4749999994 5346064.398000001, 567978.422 5346198.268, 568130.75 5346284.382, 568247.5499999993 5346341.639999999, 568340.3330000003 5346355.77, 568495.1320000013 5346352.418, 568583.1540000002 5346351.587000001, 568585.224 5346351.566999999)))",POINT (568500.8030000003 5346349.4569)
6828343,0,47 Haas Road Legerwood TAS 7263 Australia,"MULTIPOLYGON (((557965.2800000007 5437205.7, 557961.1660000007 5437206.464, 557956.1559999994 5437213.403000001, 557951.1689999991 5437220.042, 557948.1770000008 5437224.659, 557944.6359999992 5437228.607, 557941.0230000009 5437232.360000001, 557936.537 5437235.366999999, 557932.2470000007 5437235.75, 557932.2989999996 5437228.818000001, 557934.29 5437220.7530000005, 557934.7110000012 5437214.801, 557936.7900000011 5437208.537999999, 557940.0519999998 5437201.494000001, 557941.7859999995 5437197.4629999995, 557940.8009999999 5437191.703, 557935.24 5437191.065999999, 557928.2559999999 5437192.932, 557919.7319999998 5437196.205000001, 557913.5290000008 5437200.932, 557905.3740000008 5437205.185, 557892.5689999993 5437206.298000001, 557889.2199999997 5437206.249000001, 557881.293999999 5437203.258000001, 557869.6729999995 5437198.2979999995, 557862.0939999988 5437191.816, 557860.9369999995 5437187.19, 557861.0299999997 5437177.678999999, 557859.0099999991 5437169.072, 557860.3570000005 5437157.036, 557858.2389999991 5437147.099000001, 557860.4089999995 5437136.748, 557862.0939999988 5437130.137000001, 557859.5550000006 5437120.335, 557857.1569999998 5437109.246, 557852.7760000001 5437098.388000001, 557853.3250000011 5437089.2639999995, 557854.0410000012 5437083.275, 557854.0380000005 5437080.416, 557853.5920000008 5437078.891, 557847.6090000009 5437067.709, 557846.9720000002 5437065.5479999995, 557846.7789999994 5437062.623999999, 557846.963 5437054.87, 557849.8140000008 5437044.698, 557850.3829999998 5437040.5030000005, 557850.4430000002 5437036.815999999, 557850.0559999999 5437029.126, 557849.5440000005 5437025.311999999, 557848.9069999998 5437023.723999999, 557844.8349999997 5437016.734999999, 557844.0070000002 5437015.909, 557842.9270000006 5437015.402000001, 557833.1399999991 5437014.582, 557826.7859999994 5437014.65, 557805.373 5437017.653999999, 557795.3329999996 5437018.361, 557790.6309999992 5437018.173000001, 557777.5390000002 5437016.467000001, 557773.5349999997 5437015.325999999, 557763.4260000009 5437010.184000001, 557759.6749999993 5437007.899000001, 557744.6679999987 5436995.452, 557741.1700000004 5436992.9120000005, 557738.8179999992 5436991.960000001, 557726.9319999998 5436988.663999999, 557724.7080000007 5436988.219999999, 557717.7810000002 5436987.718, 557715.0480000002 5436988.038000001, 557701.0729999997 5436994.150000001, 557698.6590000007 5436994.977, 557695.2280000008 5436995.361, 557683.854000001 5436995.749999999, 557682.5820000016 5436995.434000001, 557681.7559999997 5436994.735, 557678.3210000003 5436990.861, 557675.3309999997 5436987.048999999, 557662.3490000002 5436964.24, 557654.5260000007 5436955.664000001, 557651.9179999998 5436953.633, 557634.562000001 5436943.538999999, 557630.6829999995 5436941.063, 557623.7519999994 5436934.966000001, 557602.2569999998 5436915.214000001, 557599.4580000001 5436912.927999999, 557597.1069999998 5436911.785999999, 557585.6650000004 5436907.536, 557583.1860000005 5436907.03, 557538.1940000008 5436905.791000001, 557536.2239999995 5436905.983999999, 557534.1909999992 5436906.619999999, 557530.5070000004 5436908.402000001, 557527.7120000003 5436910.057000001, 557525.8069999998 5436911.839, 557514.9510000009 5436923.605999999, 557513.6180000001 5436925.640999999, 557507.6539999994 5436936.704, 557506.1310000009 5436939.947, 557504.7999999999 5436944.143, 557499.2180000012 5436956.351000001, 557497.8250000001 5436960.483000001, 557489.8260000014 5436971.677, 557488.6839999994 5436973.648, 557488.1139999995 5436975.745999999, 557486.8439999998 5436977.7809999995, 557480.4330000005 5436985.984999999, 557478.592 5436988.3379999995, 557466.9079999994 5436998.643, 557464.8120000002 5437000.234, 557461.2550000002 5437001.889, 557454.7119999994 5437004.372, 557451.9160000004 5437004.756, 557440.8580000006 5437003.684000001, 557438.5059999994 5437002.859, 557435.5809999997 5437000.828, 557411.0980000014 5436980.124000001, 557405.5659999995 5436975.678999999, 557390.4979999997 5436966.282999999, 557382.1059999991 5436962.029999999, 557369.2020000003 5436956.954999999, 557366.0870000005 5436956.3209999995, 557361.1930000003 5436955.308, 557354.5219999995 5436956.012, 557346.3909999992 5436958.646, 557425.9319999991 5437018.989, 557455.3980000004 5437050.876, 557496.5880000003 5437081.176000001, 557499.9770000001 5437109.752, 557490.7759999991 5437110.471000001, 557489.4060000011 5437111.7870000005, 557489.7040000008 5437112.11, 557560.9319999996 5437189.278000001, 557574.1340000003 5437205.491, 557586.7850000003 5437222.472, 557597.874999999 5437238.645999999, 557607.319 5437255.024000001, 557626.004 5437294.842999999, 557635.9549999997 5437311.903000001, 557648.7249999994 5437326.469999999, 557662.8169999997 5437340.309999999, 557678.8820000001 5437351.858000001, 557698.0910000005 5437361.124999999, 557718.3490000004 5437369.939, 557736.500000001 5437376.195000001, 557755.9420000002 5437380.180000001, 557765.8219999997 5437381.254999999, 557774.0860000005 5437382.153999999, 557793.8439999997 5437381.536999999, 557813.0980000009 5437378.859, 557832.5279999991 5437373.321000001, 557851.7329999999 5437366.004, 557871.2580000003 5437355.462000001, 557888.2400000008 5437343.688000001, 557887.1319999996 5437342.082000001, 557884.4640000006 5437338.216, 557900.3679999991 5437318.384, 557965.2800000007 5437205.7)))",POINT (557694.8716000002 5437151.1709)
6255610,0,151 Stanley Highway Stanley TAS 7331 Australia,"MULTIPOLYGON (((353695.94800000056 5482436.654999999, 353642.4119999986 5482329.908000001, 353382.3049999991 5481811.272, 353331.63699999964 5481612.717, 353320.2980000016 5481584.942, 353165.4489999992 5481649.391, 353182.4149999991 5481706.390000001, 353195.8069999999 5481848.499999999, 353195.89499999955 5481873.679, 353193.0659999986 5481901.974000001, 353190.4740000004 5481913.038999999, 353175.6549999999 5481948.846, 353174.3980000001 5481962.198999999, 353176.31299999956 5481972.370000001, 353179.4989999996 5481985.084, 353227.4579999988 5482077.815000001, 353247.2070000001 5482148.248000001, 353257.0710000013 5482172.7190000005, 353265.4020000006 5482187.464, 353279.387 5482206.528000001, 353288.28399999975 5482216.122000001, 353295.83400000015 5482225.219, 353313.0710000015 5482245.987, 353320.70100000023 5482258.060999999, 353328.2699999998 5482274.205000001, 353332.09300000046 5482287.109, 353336.6220000002 5482309.676, 353340.4740000012 5482353.606999999, 353345.5849999996 5482386.665, 353352.53500000096 5482417.432000001, 353360.8770000002 5482444.000999999, 353373.54099999985 5482475.272000001, 353391.2179999994 5482504.187000001, 353408.63399999856 5482527.317000001, 353453.7570000009 5482580.753, 353479.02699999965 5482617.004000001, 353695.94800000056 5482436.654999999)))",POINT (353399.2428000001 5482127.8197)
6488529,0,510 Lower Beulah Road Lower Beulah TAS 7306 Australia,"MULTIPOLYGON (((451055.8580000012 5412480.891000001, 451045.23799999955 5412408.060999999, 450965.1999999997 5412419.3100000005, 451055.8580000012 5412480.891000001)), ((450953.89599999913 5412435.951999999, 450935.5640000008 5412423.500000001, 450539.252 5412479.2870000005, 450563.3570000003 5412663.729, 450614.1490000001 5413037.135999999, 451129.6399999998 5412965.643999999, 451059.9870000008 5412508.018, 450953.89599999913 5412435.951999999)))",POINT (450830.4517999999 5412725.8219)
9073410,0,1289 Bridgenorth Road Rosevale TAS 7292 Australia,"MULTIPOLYGON (((494146.6819999999 5416196.903000001, 494019.9629999995 5416143.162, 493634.02499999956 5415978.533999999, 493592.5040000001 5416184.903999999, 493972.14300000004 5416346.601, 494146.6819999999 5416196.903000001)))",POINT (493836.59020000044 5416179.2144)
2224067,0,1 Barnard Drive Bicheno TAS 7215 Australia,"MULTIPOLYGON (((603814.8580000012 5366445.943, 603640.5040000008 5366430.843000001, 603490.2959999997 5366417.833000001, 603340.1580000002 5366404.829999999, 603272.911000001 5366399.005000001, 603313.9889999994 5366696.423, 603387.7930000002 5366759.588000001, 603608.4720000009 5366948.455000001, 603630.3470000004 5366934.798999999, 603736.5780000007 5366822.244, 603741.1739999988 5366813.365999999, 603815.0450000004 5366447.139, 603814.8580000012 5366445.943)))",POINT (603548.8154999996 5366628.4625)
5010304,0,1561 Dennistoun Road Bothwell TAS 7030 Australia,"MULTIPOLYGON (((505797.044 5315984.729, 505511.53500000027 5314396.047, 505334.4429999993 5314430.628, 505329.5060000003 5314431.592, 505324.5680000003 5314432.555999999, 505019.32599999977 5314492.159000001, 503013.36199999927 5314802.422, 503297.8580000001 5316418.019999999, 504919.11099999934 5316136.94, 505797.044 5315984.729)))",POINT (504358.9165000003 5318602.4543)
9996899,0,2319 Murchison Highway Henrietta TAS 7325 Australia,"MULTIPOLYGON (((388434.49799999944 5439994.563999999, 388170.1679999992 5439987.786999999, 387960.81299999927 5439791.912, 387961.92399999895 5439711.473, 387808.4939999994 5439708.365999999, 387716.5539999997 5439634.133000001, 387714.6399999991 5439788.840000001, 387147.8419999994 5439781.684, 387161.32799999916 5439808.548, 387241.8820000002 5439840.3889999995, 387398.306 5439941.652000001, 387494.1009999992 5440041.199, 387537.5820000012 5440131.544, 387539.93799999973 5440139.346999999, 388178.20700000034 5440144.553999999, 388432.6199999994 5440146.630000001, 388434.49799999944 5439994.563999999)))",POINT (388900.69460000005 5440592.4057)
7884910,0,16463 Bass Highway Wynyard TAS 7325 Australia,"MULTIPOLYGON (((390525.4799999998 5461382.520999999, 390534.963 5461360.197000001, 390568.2730000009 5461374.374, 390657.5099999997 5461412.159, 390671.93600000045 5461352.1559999995, 390701.67199999996 5461272.428, 390735.45799999963 5461177.527000001, 390787.47100000083 5461054.612, 390889.08800000034 5460859.678, 390924.01499999873 5460793.092000001, 390929.33299999865 5460784.806999999, 390930.4640000006 5460783.446000001, 390922.260999999 5460770.506, 390916.62299999944 5460752.652999999, 390910.3219999997 5460749.086, 390904.2090000001 5460751.640999999, 390896.2800000007 5460759.800000001, 390886.8619999992 5460774.466999999, 390876.7440000003 5460784.755000001, 390871.5329999991 5460795.994, 390857.38800000097 5460799.505999999, 390838.24399999937 5460799.648, 390822.58999999904 5460787.691999999, 390822.11999999965 5460787.048999999, 390810.82900000096 5460771.624, 390799.8689999996 5460758.755999999, 390786.4060000008 5460743.498, 390780.50599999994 5460732.859000001, 390764.6190000008 5460718.78, 390749.1079999999 5460713.650000001, 390744.1780000013 5460716.137, 390733.8530000009 5460728.388, 390727.0289999995 5460737.401000001, 390722.9780000006 5460749.495, 390721.64699999965 5460752.869000001, 390720.50800000073 5460756.484000001, 390720.0020000007 5460759.055999999, 390719.22200000065 5460766.081, 390717.66799999983 5460773.679999999, 390716.59199999983 5460777.054, 390714.63300000055 5460787.046, 390713.88400000054 5460797.863, 390713.50699999917 5460801.745, 390712.19299999974 5460808.529000001, 390711.6880000007 5460811.469999999, 390711.4769999996 5460815.987, 390710.545 5460823, 390709.8499999987 5460826.119, 390708.34100000095 5460840.245999999, 390708.0789999997 5460844.8149999995, 390708.3529999997 5460850.299, 390708.3560000005 5460853.353, 390707.9419999997 5460858.355, 390706.4670000005 5460868.3719999995, 390704.88599999924 5460874.419, 390703.74599999934 5460878.173999999, 390703.2399999993 5460880.478, 390702.1630000005 5460883.012, 390698.1020000004 5460887.342, 390696.0969999993 5460888.695, 390694.1659999994 5460889.384000001, 390690.2410000005 5460890.712, 390687.6879999994 5460890.919, 390682.73100000026 5460889.7930000005, 390678.2180000011 5460887.711, 390674.6459999995 5460885.641999999, 390670.52600000007 5460883.114000001, 390666.5590000012 5460880.447000001, 390662.4139999988 5460877.869000001, 390659.59099999943 5460875.683, 390657.5429999996 5460873.726000001, 390649.80700000096 5460864.420999999, 390645.64999999985 5460861.525, 390639.8499999995 5460856.289, 390632.9070000007 5460850.927, 390628.3290000006 5460847.421000001, 390625.6079999994 5460845.629999999, 390623.10400000087 5460844.6280000005, 390621.6929999995 5460843.6620000005, 390620.10199999926 5460841.756000001, 390617.16000000027 5460835.574999999, 390614.75299999927 5460829.736999999, 390611.00599999947 5460820.948000001, 390607.68099999963 5460812.401, 390605.8200000011 5460807.529, 390604.4320000006 5460804.682000001, 390598.9489999992 5460798.287, 390596.98900000117 5460795.528, 390593.4890000009 5460789.740999999, 390590.56100000034 5460785.495, 390585.08800000005 5460776.390999999, 390583.179 5460773.963000001, 390581.6780000014 5460772.323000001, 390579.03299999883 5460769.882999999, 390578.1670000012 5460768.165999999, 390577.3710000005 5460761.473000001, 390575.7140000006 5460757.237999999, 390575.64800000086 5460755.023999999, 390576.2310000006 5460753.496, 390578.579 5460751.647999999, 390580.28199999954 5460751.506000001, 390585.287999999 5460752.4290000005, 390591.92099999933 5460752.776000001, 390595.5430000001 5460753.598, 390601.1350000001 5460754.738000001, 390615.62000000017 5460754.846, 390619.87600000086 5460754.968, 390622.0360000001 5460755.129999999, 390626.7639999999 5460755.913999999, 390629.4699999994 5460755.847, 390632.6970000006 5460755.549999999, 390637.34500000003 5460753.610000001, 390639.75899999915 5460753.289000001, 390643.1870000004 5460751.629999999, 390645.34399999876 5460748.573, 390645.59699999983 5460747.809999999, 390646.1280000006 5460745.353000001, 390645.97199999925 5460741.828, 390645.53699999955 5460739.016000001, 390644.8849999993 5460736.102999999, 390643.4599999994 5460732.783000001, 390641.5990000009 5460728.981000001, 390638.5179999998 5460723.893999999, 390637.1420000003 5460721.135000001, 390636.6690000001 5460718.296999999, 390636.63999999984 5460715.053000001, 390637.0439999995 5460712.189, 390638.2710000003 5460707.452999999, 390639.70300000056 5460703.596, 390641.630000001 5460700.424999999, 390643.58299999865 5460697.292000001, 390644.91300000076 5460693.319000001, 390645.9119999989 5460689.526, 390645.8960000006 5460686.255999999, 390645.32000000123 5460682.388, 390644.31099999975 5460677.883999999, 390643.22799999936 5460674.267000001, 390643.0350000008 5460673.623, 390641.56899999967 5460669.425, 390640.42399999907 5460667.886999999, 390639.2790000008 5460666.628, 390636.35499999986 5460665.372, 390633.17799999996 5460664.6, 390624.68899999955 5460663.235999999, 390623.01500000025 5460662.523, 390622.184 5460662.17, 390620.6200000003 5460660.887000001, 390619.2580000015 5460658.941, 390618.7470000009 5460656.3719999995, 390618.66399999964 5460650.454000001, 390619.3700000008 5460645.008000001, 390619.5539999992 5460639.546000001, 390618.97900000087 5460636.048, 390618.0079999998 5460631.391999999, 390616.48999999964 5460626.188999999, 390615.08899999945 5460623.008999999, 390613.58600000106 5460620.895, 390611.6410000003 5460622, 390319.8000000007 5460788.030000001, 390214.21600000013 5461036.436999999, 390258.68400000146 5461198.2930000005, 390264.43900000094 5461219.239000001, 390265.06600000046 5461225.337000001, 390267.1320000007 5461245.372000001, 390268.2379999998 5461245.846, 390269.25199999963 5461265.044999999, 390282.7429999999 5461291.630000001, 390309.03800000076 5461314.228999999, 390472.21600000036 5461418.655, 390495.6690000004 5461363.4459999995, 390525.4799999998 5461382.520999999)))",POINT (390531.3250000002 5461031.1095)
2188318,0,128 Long Plains Road Exeter TAS 7275 Australia,"MULTIPOLYGON (((494526.25399999914 5424359.733000001, 494269.0240000001 5424180.212000001, 494238.18199999933 5424224.921999999, 494285.51800000085 5424273.4350000005, 494446.41600000055 5424364.504, 494526.25399999914 5424359.733000001)), ((494041.5159999997 5425003.889, 494191.98400000005 5424785.093999999, 494241.0609999994 5424818.909000001, 494250.3700000001 5424825.324, 494556.80399999965 5424379.491999999, 494443.86299999943 5424386.177, 494273.118 5424289.535, 494212.28200000024 5424227.188000001, 494017.7909999994 5424511.192, 493562.98900000064 5424588.018, 493691.301000001 5424676.848000001, 493864.7929999988 5424796.958000001, 493865.78599999985 5424797.6450000005, 493825.838999999 5424855.346000001, 493971.70700000157 5424955.805, 494041.5159999997 5425003.889)))",POINT (494114.2242999999 5424598.3001)
7407188,0,120 Russells Plains Road Rocherlea TAS 7248 Australia,"MULTIPOLYGON (((512660.0420000007 5419474.4290000005, 512415.5049999993 5419351.6680000005, 512509.8249999995 5419163.737, 512439.66099999973 5419010.9120000005, 512046.2899999992 5418812.865999999, 512015.0370000006 5418856.028999999, 511977.0049999992 5418910.143, 511912.70400000096 5418997.843, 511854.0959999999 5419080.562999999, 511925.57100000035 5419115.807000001, 511966.595 5419136.537999999, 512017.9369999997 5419162.521, 512074.4159999994 5419191.061999999, 512142.24400000065 5419225.169, 512651.7699999985 5419481.43, 512660.0420000007 5419474.4290000005)))",POINT (512209.99060000014 5419087.6162)
6000853,0,111 Nubeena Road Taranna TAS 7180 Australia,"MULTIPOLYGON (((569514.5340000001 5232162.573999999, 569512.7230000008 5232154.854000001, 569501.4910000014 5232103.330999999, 569306.6449999991 5232137.511, 569273.1250000003 5232143.391000001, 569243.1570000008 5232148.647999999, 568957.8429999993 5232198.728999999, 568834.976 5232217.309, 568783.901 5232226.8270000005, 568800.6020000001 5232249.749, 568927.5240000001 5232413.880999999, 568953.9539999989 5232447.115000001, 568969.8700000005 5232464.001000001, 569056.6290000003 5232524.623000001, 569192.7960000011 5232533.157, 569298.4079999988 5232480.640000001, 569346.2159999995 5232435.395, 569391.6439999999 5232382.569000001, 569474.4290000004 5232249.537, 569480.4000000015 5232216.443000001, 569514.5340000001 5232162.573999999)))",POINT (569170.6123000002 5232311.8964)
5817714,0,1980 Lyell Highway Hayes TAS 7140 Australia,"MULTIPOLYGON (((502051.26400000113 5265085.864000001, 502026.1279999993 5265044.549, 501905.74 5265121.152, 501823.97799999954 5265172.508, 501701.6629999998 5265238.429, 501658.9620000002 5265261.282000001, 501720.8770000008 5265357.047, 501728.6749999996 5265352.391, 501809.92000000004 5265303.9, 501821.62899999914 5265297.602, 501853.27199999895 5265276.064000001, 501879.7549999999 5265254.213000001, 501909.64900000056 5265224.429999999, 501937.7849999997 5265190.64, 501955.2850000012 5265168.225, 501980.86199999985 5265141.269999999, 502004.85599999956 5265119.981, 502051.26400000113 5265085.864000001)), ((502668.6139999991 5265297.506999999, 502658.0369999986 5265292.247999999, 502645.372999999 5265284.167999999, 502632.4709999999 5265280.389, 502626.54600000056 5265276.743, 502619.55100000056 5265270.794000001, 502616.19500000065 5265268.927000001, 502609.8380000001 5265265.714, 502605.4269999991 5265263.516999999, 502597.9239999993 5265258.434999999, 502588.04399999976 5265251.293, 502585.11900000006 5265248.6110000005, 502574.13999999966 5265235.947999999, 502563.4210000007 5265228.26, 502560.3550000014 5265224.941, 502559.07000000007 5265223.223999999, 502557.78500000096 5265221.227, 502555.40300000063 5265214.942999999, 502552.941 5265206.572, 502550.1989999998 5265195.427000001, 502548.53099999996 5265178.694, 502547.4270000006 5265155.076, 502547.3470000002 5265151.017, 502546.7990000001 5265149.579000001, 502543.9119999986 5265146.147, 502539.2340000002 5265144.954, 502532.854000001 5265144.058000001, 502527.41499999934 5265143.466000001, 502522.9160000009 5265143.127, 502518.188000001 5265142.127000001, 502513.7139999989 5265141.634000001, 502510.0920000003 5265141.625999999, 502502.26600000006 5265142.778999999, 502493.2970000013 5265145.193999999, 502490.56599999894 5265146.393000001, 502485.57400000014 5265148.511, 502478.80500000087 5265152.374000001, 502473.00199999975 5265156.121, 502468.58200000075 5265158.505999999, 502465.8380000008 5265160.200999999, 502460.04599999974 5265161.429, 502455.1029999992 5265162.018999999, 502444.49199999997 5265162.486999999, 502424.9240000008 5265161.401000001, 502420.1969999997 5265162.232999999, 502413.0089999989 5265165.968999999, 502410.5839999998 5265167.879999999, 502408.7809999997 5265169.791000001, 502406.4589999998 5265174.337, 502403.87299999886 5265179.238999999, 502401.1249999993 5265189.18, 502399.09499999974 5265192.237, 502394.65000000014 5265194.277, 502389.00800000096 5265194.830000001, 502362.34400000016 5265189.615, 502354.77 5265188.948999999, 502348.58099999954 5265188.74, 502341.593 5265189.102, 502338.74699999974 5265189.271000001, 502336.4720000004 5265189.527999999, 502334.47700000054 5265189.032999999, 502333.2950000005 5265188.475, 502330.9299999996 5265186.924999999, 502327.07600000105 5265183.455, 502323.1070000001 5265178.876999999, 502319.29200000083 5265175.508999999, 502317.8420000002 5265174.415999999, 502315.43900000106 5265173.16, 502289.4699999993 5265189.9569999995, 502174.24499999953 5265293.548999999, 502067.3929999991 5265114.609000001, 502061.5000000008 5265103.506999999, 502021.743 5265132.511, 501995.628999999 5265155.521, 501971.524000001 5265180.550999999, 501938.5029999997 5265221.727, 501914.8960000002 5265248.474999999, 501897.6949999995 5265265.4690000005, 501872.17700000026 5265287.332000001, 501856.281000001 5265299.31, 501835.7110000006 5265313.049000001, 501741.3219999999 5265369.201, 501732.1030000008 5265374.720000001, 501995.55700000003 5265789.508999999, 502112.9590000004 5265725.086, 502309.3129999995 5265609.585, 502413.5170000009 5265554.084, 502530.2910000009 5265486.598, 502622.7390000004 5265437.829, 502719.30299999984 5265375.526, 502717.49600000016 5265372.78, 502716.13399999915 5265370.566999999, 502714.60500000126 5265366.152000001, 502711.5489999986 5265359.691, 502703.9139999994 5265348.729000001, 502700.0980000013 5265344.418999999, 502696.4210000007 5265339.447000001, 502694.0159999995 5265335.759000001, 502692.894 5265332.070000001, 502693.15600000124 5265327.259, 502696.04599999904 5265319.456, 502696.5490000006 5265313.778999999, 502696.3929999992 5265310.331, 502691.2910000009 5265304.393000001, 502668.6139999991 5265297.506999999)))",POINT (502160.42760000005 5265399.2784)
7908791,0,174 Fabers Road Riana TAS 7316 Australia,"MULTIPOLYGON (((417148.191999999 5435281.470000001, 417121.46999999986 5434874.5879999995, 416742.1900000009 5434916.719, 416764.9059999997 5435140.067, 416708.7100000001 5435146.471000001, 416762.19699999946 5435622.384, 416821.91200000065 5435548.729, 417135.2009999993 5435293.065, 417148.191999999 5435281.470000001)))",POINT (416920.7257000003 5435185.2039)
9048530,9572210,76 Goodwins Road Mangalore TAS 7030 Australia,"MULTIPOLYGON (((520777.61900000065 5278272.326, 520653.6699999997 5278186.687, 520526.2470000002 5278098.017999999, 520435.15400000126 5278035.176, 520387.62599999993 5278003.364000001, 520274.9420000004 5278152.976000001, 519963.90899999964 5277937.87, 519935.2479999992 5277962.277, 519904.88899999973 5277993.932000001, 519880.3230000002 5278040.756000001, 519901.68600000034 5278066.511999999, 519908.725999999 5278094.164000001, 519957.92300000123 5278165.383000001, 519977.67999999947 5278202.693000001, 519972.27900000045 5278228.741999999, 519909.31599999906 5278387.282000001, 519895.1079999998 5278454.579000001, 519891.7339999996 5278467.541, 519856.9819999994 5278435.752, 519850.5580000004 5278429.875, 519821.7039999991 5278403.480000001, 519797.9740000004 5278380.7129999995, 519806.06799999916 5278307.741999999, 519795.68300000054 5278300.226, 519785.8409999993 5278293.148, 519776.0229999999 5278286.041000001, 519760.1210000013 5278274.533, 519726.21300000115 5278308.525, 519723.196 5278311.548, 519715.1509999995 5278319.612999999, 519717.76200000115 5278322.069, 519706.54799999995 5278341.392, 519706.95900000003 5278431.948000001, 519712.9820000001 5278452.763000001, 519734.18999999994 5278469.196, 519761.8390000004 5278480.257000001, 519823.3820000002 5278493.518000001, 519851.037 5278483.345000001, 519854.34399999946 5278483.8, 519860.4140000002 5278484.636000001, 519869.62399999914 5278485.904000001, 519884.8029999995 5278494.162999999, 519895.30500000017 5278488.821000001, 519899.0660000008 5278488.692000001, 519906.56999999937 5278507.271999999, 519904.09400000016 5278509.993999999, 519919.4480000009 5278587.406, 520134.51800000004 5278642.793, 520307.6950000011 5278696.730999999, 520419.9800000015 5278767.352000001, 520424.225 5278781.903999999, 520440.6900000004 5278795.525000001, 520490.3760000012 5278891.059999999, 520488.88400000054 5278913.388000001, 520435.94799999986 5278988.643000001, 520389.7879999989 5279054.264999999, 520309.9460000007 5279167.77, 520221.77900000033 5279101.068, 520138.25399999996 5279004.731999999, 520199.67499999923 5278945.682, 520223.7999999997 5278970.776, 520268.9800000016 5278927.919000001, 520295.36899999913 5278844.169000001, 520259.15100000007 5278694.174999999, 520131.23800000106 5278654.336, 519909.15000000095 5278597.141000001, 519893.7920000006 5278519.713000001, 519890.5640000006 5278522.759000001, 519879.8060000002 5278511.926, 519863.90100000077 5278503.265999999, 519853.0790000005 5278501.789, 519823.29499999934 5278512.889999999, 519756.3220000003 5278497.9120000005, 519725.0229999998 5278485.088999999, 519697.5489999999 5278463.435, 519688.982000001 5278435.425, 519688.451999999 5278318.879000001, 519688.72400000144 5278306.583999999, 519666.51900000114 5278342.246000001, 519604.92200000025 5278439.863, 519571.7139999998 5278492.491000001, 519511.72300000093 5278528.1280000005, 519646.49900000053 5278623.599, 519671.5520000011 5278641.346, 519712.35 5278670.248, 519720.5830000008 5278676.079000001, 519850.8030000002 5278768.324, 519864.41100000043 5278776.614000001, 519862.6520000001 5278781.336000001, 519862.59100000095 5278784.449000001, 519862.78300000075 5278786.863, 519863.3570000003 5278789.656, 519865.7150000008 5278798.169000001, 519867.37000000104 5278801.534999999, 519877.74599999934 5278819.618999999, 519879.65099999984 5278822.939000001, 519884.7470000009 5278838.2469999995, 519886.7849999997 5278845.298, 519888.63899999997 5278858.066000001, 519888.0920000009 5278897.581, 519883.98500000115 5278933.222999999, 519882.46400000027 5278941.292, 519877.7089999999 5278956.858000001, 519869.5240000008 5278977.8270000005, 519869.1440000008 5278980.304999999, 519869.1550000007 5278996.632000001, 519869.34700000053 5278999.236, 519875.72599999874 5279031.888000001, 519876.0460000007 5279034.747000001, 519875.49100000015 5279060.539999999, 519875.04800000123 5279063.144, 519868.5749999996 5279077.441000001, 519867.74899999995 5279078.901999999, 519866.1619999993 5279080.936000001, 519858.28599999985 5279089.580000001, 519855.74499999965 5279092.059000001, 519853.9019999993 5279093.075999999, 519846.9119999999 5279095.812, 519844.3700000009 5279096.194, 519829.68800000055 5279096.709999999, 519825.87399999995 5279096.583999999, 519823.14100000006 5279095.887, 519803.87699999986 5279089.544000001, 519801.3979999998 5279089.226999999, 519784.8720000002 5279089.489000001, 519783.4109999996 5279089.807, 519774.57900000096 5279093.941000001, 519772.6089999995 5279095.086000001, 519770.7030000002 5279096.548, 519761.68200000026 5279104.621, 519760.4760000006 5279105.447, 519758.69700000016 5279106.274000001, 519753.42300000007 5279107.865000001, 519750.49800000025 5279108.247, 519732.7010000001 5279108.256000001, 519709.11899999913 5279105.346000001, 519702.95199999865 5279104.776000001, 519701.3630000005 5279104.904000001, 519694.235 5279107.580000001, 519688.92499999923 5279111.839000001, 519680.24699999974 5279114.696999999, 519673.6849999997 5279116.284, 519666.59399999876 5279119.247, 519662.46600000013 5279124.6450000005, 519663.8419999997 5279130.572, 519657.58899999934 5279140.078000001, 519651.39700000035 5279095.9459999995, 519455.57500000077 5278967.123000001, 519445.1530000005 5278960.291, 519440.2269999994 5278971.243, 519429.8139999993 5278987.765000001, 519396.9810000004 5279028.439000001, 519371.39499999944 5279071.524, 519343.3870000001 5279103.682999999, 519342.5619999992 5279105.526, 519336.4010000003 5279113.024999999, 519335.25799999957 5279114.741000001, 519329.2910000002 5279125.736, 519325.7369999989 5279132.723999999, 519324.15099999926 5279137.362999999, 519320.41000000096 5279150.769, 519317.5180000011 5279155.93, 519320.92200000037 5279158.182999999, 519362.6000000001 5279185.769000001, 519273.0020000003 5279321.136, 519233.1099999993 5279281.944, 519225.22800000047 5279274.201000001, 519222.4640000005 5279271.485, 519218.75499999884 5279277.5940000005, 519189.8310000005 5279299.233999999, 519182.0800000002 5279304.447000001, 519167.0219999993 5279313.731000001, 519118.9880000001 5279339.6729999995, 519113.6509999989 5279343.105999999, 519087.8580000007 5279360.778999999, 519079.15399999963 5279367.643999999, 519077.75700000115 5279368.471, 519075.2779999989 5279369.171, 519072.4199999999 5279371.586, 519043.58499999996 5279401.522000001, 519041.6150000008 5279403.365000001, 519038.5649999997 5279405.717, 519033.4160000009 5279407.317, 519086.98900000006 5279421.583, 519080.9840000003 5279432.701999999, 519228.4809999991 5279458.938999999, 519278.05300000065 5279518.053, 519165.92199999955 5279862.679, 519779.13499999885 5279960.735999999, 520456.4700000008 5278994.217999999, 520501.85199999926 5278900.348999999, 520472.30599999975 5278842.479000001, 520446.59499999974 5278793.881000001, 520449.210000001 5278789.519, 520430.13300000003 5278773.737999999, 520706.2319999997 5278375.336, 520777.61900000065 5278272.326)))",POINT (520355.34810000006 5278938.0758)
6775122,0,1390 Loongana Road Loongana TAS 7315 Australia,"MULTIPOLYGON (((415405.74599999975 5417192.745000001, 415355.6229999995 5416835.909999999, 415196.3250000002 5416853.882, 415123.2679999996 5416206.335000001, 414911.07000000024 5416230.274999999, 414891.0849999994 5416232.582, 414386.743 5416290.811999999, 414421.1699999999 5416601.724999999, 414463.57400000095 5416981.997, 414499.43599999975 5417292.608000001, 415405.74599999975 5417192.745000001)))",POINT (414896.1051000003 5416750.9554)
5785951,0,2156 Huon Road Lower Longley TAS 7109 Australia,"MULTIPOLYGON (((513132.88199999987 5242829.774, 513144.9559999994 5242792.674000001, 513150.92500000075 5242762.6959999995, 513161.57900000096 5242721.829, 513161.45599999954 5242664.221999999, 513143.29300000006 5242605.324, 513108.446 5242576.159000001, 513070.0890000006 5242547.869, 512966.1500000012 5242420.905, 512945.68800000055 5242358.507, 512943.8080000008 5242352.681000001, 512930.4819999997 5242355.787999999, 512838.4740000005 5242377.236999999, 512853.8219999997 5242443.076999999, 512855.2999999996 5242449.419, 512884.12599999947 5242573.074999999, 512492.44999999925 5242664.38, 512534.2209999991 5242833.948999999, 512565.1289999996 5242968.488, 512907.0529999994 5242887.359999999, 513132.88199999987 5242829.774)))",POINT (512844.4648000002 5242710.7728)
1700922,0,152 Whitsitts Road Wynyard TAS 7325 Australia,"MULTIPOLYGON (((393903.5670000007 5458474.303999999, 393894.34999999916 5458409.054, 393847.8190000006 5458079.663000001, 393817.92899999954 5457832.542, 393475.71499999927 5457878.132000001, 393402.2879999999 5457326.661999999, 393237.75299999985 5457348.626999999, 393309.8259999996 5457897.292000001, 393315.5729999999 5457946.228999999, 393322.0030000005 5458000.984000001, 393331.93200000044 5457999.817999999, 393332.87300000025 5458007.894, 393333.66700000106 5458014.714, 393323.73799999896 5458015.879999999, 393324.4119999991 5458021.816000001, 393338.69300000067 5458147.548000001, 393383.5079999999 5458539.163000001, 393903.5670000007 5458474.303999999)))",POINT (393549.90440000035 5458063.0677)
6283187,0,40 Davies Road Parkham TAS 7304 Australia,"MULTIPOLYGON (((466965.97299999977 5415495.710000001, 466968.5340000001 5415289.156999999, 466834.06700000016 5415308.290000001, 466834.38699999976 5415310.265000001, 466866.6349999992 5415509.35, 466948.8389999998 5415497.884999999, 466965.97299999977 5415495.710000001)))",POINT (467462.74069999997 5415298.2511)
3005624,0,206 Twin Creeks Road Mengha TAS 7330 Australia,"MULTIPOLYGON (((352405.8199999995 5469256.223999999, 352405.9400000002 5469256.402000001, 352386.0640000001 5469262.887000001, 352385.9460000014 5469262.711, 352374.8899999991 5469266.32, 352373.17500000075 5469296.685, 352362.0449999996 5469296.635000001, 352360.8719999998 5469359.707999999, 352361.50299999886 5469359.088999999, 352360.7659999998 5469398.769999999, 352364.1490000002 5469398.876999999, 352493.2340000003 5469402.961000001, 352491.0439999998 5469356.335, 352445.41699999943 5469289.863, 352409.7939999987 5469254.926999999, 352405.8199999995 5469256.223999999)))",POINT (352329.8563000001 5469013.6297)
9953455,9335291,1907 Woolnorth Road Woolnorth TAS 7330 Australia,"MULTIPOLYGON (((316641.048 5486710.275000001, 316476.3859999989 5486475.661, 316544.43199999945 5486096.409999999, 316355.5710000013 5485831.8, 316155.4020000006 5485541.65, 315863.86699999985 5484976.552, 315989.9590000007 5484913.6110000005, 315894.0110000009 5484718.844999999, 315745.9360000007 5484753.239000001, 315628.00000000093 5484603.279, 315405.4489999997 5484148.164, 315342.3710000004 5483825.499, 315479.5290000002 5483758.044999999, 315525.7819999992 5483611.620999999, 315650.9319999992 5483530.462000001, 315742.3979999999 5483339.110999999, 315744.82799999963 5483197.476000001, 314784.9360000002 5483667.023000001, 314778.19600000116 5483681.665000001, 314810.8649999995 5483752.808999999, 314802.1889999999 5484049.862, 314808.09300000034 5484073.704, 315050.44699999946 5484540.467, 315150.8240000006 5484973.647, 315450.59999999905 5485431.528, 315583.4019999999 5485532.342999999, 315693.7039999992 5485718.230999999, 315739.07600000093 5485938.254, 315715.9540000004 5486087.031000001, 315719.64900000126 5486110.024000001, 315803.02300000086 5486357.08, 315839.2500000001 5486362.124000001, 315944.91600000096 5486615.879, 316020.1779999993 5486748.493999999, 316095.4380000001 5486918.732, 316228.81500000146 5487135.562, 316641.048 5486710.275000001)))",POINT (308938.8037999999 5491289.0291)
1921522,0,299 Natone Road Stowport TAS 7321 Australia,"MULTIPOLYGON (((410710.5759999999 5445879.035, 410724.070000001 5445873.082000001, 410757.8039999994 5445878.242, 410803.84199999995 5445832.998000001, 410831.6229999998 5445817.52, 410853.2419999997 5445775.738, 410844.6869999995 5445698.513, 410894.66799999913 5445693.066, 410896.17899999896 5445705.345000001, 410911.10799999896 5445699.349000001, 410942.81799999945 5445670.825, 410986.7910000007 5445607.903999999, 411022.18100000033 5445608.489999999, 411087.4900000013 5445646.040000001, 411155.07799999893 5445627.374, 411150.4050000011 5445584.491000001, 411178.87599999935 5445581.388, 411170.27600000065 5445515.326, 410616.83399999887 5445570.753, 410616.90400000033 5445574.534, 410572.01899999956 5445750.050999999, 410477.63800000027 5445842.266, 410644.69500000135 5445851.254, 410671.6820000004 5445870.3040000005, 410710.5759999999 5445879.035)), ((411245.07300000015 5446088.0770000005, 411186.7259999993 5445639.492, 411160.4389999999 5445646.767000001, 411084.74600000144 5445667.670999999, 411016.6550000001 5445628.521, 410997.15399999934 5445628.198, 410957.9879999996 5445684.241000001, 410921.9140000009 5445716.69, 410903.67900000024 5445724.014999999, 410889.9089999993 5445729.547, 410872.1600000007 5445782.212, 410846.70799999894 5445832.147, 410816.00699999987 5445849.251999999, 410764.721000001 5445899.654000001, 410726.8250000009 5445893.856999999, 410721.89800000086 5445896.031000001, 410763.3279999999 5445966.759, 410781.6030000009 5446133.425999999, 411171.4639999999 5446095.0540000005, 411175.4639999987 5446093.499000001, 411179.4639999997 5446093.188000001, 411245.07300000015 5446088.0770000005)), ((410637.82700000016 5445871.033999999, 410458.09200000094 5445861.364, 410433.6409999993 5445885.2530000005, 410445.4210000009 5446166.514000001, 410543.7119999996 5446156.838999999, 410771.5909999997 5446134.411000001, 410753.56199999957 5445969.99, 410712.6339999987 5445900.118000001, 410663.3579999992 5445889.055999999, 410637.82700000016 5445871.033999999)), ((410553.92399999965 5445739.602000001, 410596.7630000004 5445573.063000001, 410355.5009999996 5445600.831, 410355.1930000009 5445606.7190000005, 410354.8119999999 5445609.898, 410354.2439999997 5445611.373, 410353.73299999913 5445612.696000001, 410350.55800000124 5445618.992999999, 410349.3510000006 5445620.711, 410341.22000000026 5445628.405000001, 410336.3909999988 5445631.522000001, 410327.81299999997 5445636.038000001, 410325.5899999996 5445636.992000001, 410320.18900000065 5445638.964, 410312.3089999994 5445640.873, 410305.44800000085 5445643.035999999, 410294.3289999996 5445648.633999999, 410264.5300000012 5445660.147999999, 410260.0180000008 5445662.438, 410251.37799999956 5445667.272, 410245.53300000075 5445671.598, 410237.14600000065 5445678.275, 410213.64299999917 5445700.281, 410213.0080000005 5445701.171, 410211.9919999986 5445703.460999999, 410209.26100000064 5445707.784999999, 410206.33899999945 5445711.474, 410205.1960000009 5445713.636, 410199.4809999995 5445731.188, 410197.8940000011 5445735.258, 410193.76499999926 5445740.918, 410189.001000001 5445746.705999999, 410186.71400000073 5445748.1049999995, 410177.94599999965 5445751.286000001, 410156.91399999906 5445753.324, 410159.7750000011 5445759.174, 410165.6250000006 5445773.417, 410172.6220000003 5445796.945, 410175.23000000126 5445804.321000001, 410179.2370000003 5445816.783999999, 410184.7089999996 5445840.121, 410185.34499999933 5445841.710000001, 410197.5519999993 5445863.011999999, 410198.71399999916 5445865.446000001, 410199.58600000065 5445867.272, 410199.5869999995 5445869.435, 410197.9369999999 5445876.937999999, 410196.01300000027 5445882.844, 410213.9380000003 5445913.544, 410216.3140000012 5445920.200000001, 410216.80200000096 5445921.909, 410217.2900000006 5445923.374000001, 410217.2900000006 5445925.571000001, 410217.0459999996 5445928.502, 410216.3140000012 5445932.163999999, 410215.58099999954 5445935.583000001, 410213.13900000113 5445942.419999999, 410211.6739999987 5445947.547, 410210.4529999995 5445952.675, 410208.8929999994 5445962.847, 410208.8300000005 5445965.008999999, 410208.2589999995 5445967.870999999, 410200.2589999998 5445993.116999999, 410184.25700000057 5446025.805000001, 410179.11199999903 5446033.818, 410165.20100000076 5446054.041, 410152.9460000014 5446077.379999999, 410150.78699999873 5446081.131999999, 410140.24199999927 5446096.141, 410134.3979999992 5446102.564, 410132.11099999887 5446106.062000001, 410125.4409999991 5446112.804, 410123.5989999998 5446115.220000001, 410117.0580000009 5446128.194000001, 410116.7409999998 5446130.164999999, 410117.3769999995 5446132.199999999, 410119.02999999985 5446135.506, 410119.98399999936 5446136.269000001, 410123.54200000025 5446136.967999999, 410170.1850000003 5446140.458000001, 410201.2450000004 5446140.582000001, 410172.0420000014 5446191.139999999, 410169.56599999993 5446197.436, 410169.4929999999 5446197.646999999, 410425.3170000004 5446168.690000001, 410413.16300000035 5445877.131, 410553.92399999965 5445739.602000001)))",POINT (410701.74289999995 5445864.5352)
9484269,0,34 Watts Road Paradise TAS 7306 Australia,"MULTIPOLYGON (((443559.0439999987 5413398.967000001, 443687.3380000009 5413295.662, 443732.902999999 5413311.098999999, 443744.6780000001 5413276.33, 443782.26199999976 5413126.241, 443770.9280000001 5413098.618, 443489.9169999999 5413304.154999999, 443559.0439999987 5413398.967000001)), ((444116.5219999999 5413434.5879999995, 443836.6509999996 5413050.547000001, 443783.47200000123 5413089.443000001, 443798.10200000054 5413125.099000001, 443759.1649999999 5413280.589, 443674.24299999897 5413531.359000001, 443691.07400000084 5413554.442, 444116.5219999999 5413434.5879999995)), ((444461.11100000003 5413907.436000001, 444125.9550000009 5413447.531999999, 443685.06500000146 5413571.812, 443813.3190000013 5413755.123, 443879.3919999995 5413846.778, 443942.6240000004 5413933.741999999, 443957.33400000015 5413953.973, 443959.29799999995 5413956.674, 443967.071999999 5413953.376, 444032.68799999985 5413923.169, 444036.5000000006 5413922.0200000005, 444053.2100000009 5413918.504, 444057.5939999991 5413917.355000001, 444061.4050000012 5413914.807999999, 444063.05399999965 5413912.391, 444074.41699999967 5413901.000999999, 444075.75000000047 5413900.237, 444077.91100000066 5413900.0430000005, 444086.36600000015 5413901.177000001, 444088.7180000014 5413901.682, 444089.9900000008 5413902.38, 444091.198999999 5413903.3950000005, 444097.43500000006 5413909.997, 444099.85199999996 5413911.965, 444100.99599999946 5413912.407000001, 444103.6040000004 5413912.721999999, 444107.41600000113 5413912.844, 444108.8780000005 5413912.588, 444127.30099999916 5413905.956000001, 444130.09500000044 5413904.491, 444134.7940000001 5413901.117000001, 444138.3499999989 5413898.189, 444139.74499999976 5413896.217000001, 444144.94599999976 5413887.377, 444146.4050000006 5413885.2129999995, 444147.3570000003 5413884.321999999, 444151.61300000106 5413882.600999999, 444153.8370000002 5413882.028000001, 444155.2349999995 5413881.898000001, 444165.0869999998 5413882.520999999, 444167.248 5413883.217000001, 444180.0310000016 5413889.938000001, 444183.972000001 5413891.459, 444186.9599999996 5413892.345, 444191.09099999897 5413892.593999999, 444198.14599999937 5413892.457000001, 444200.75099999947 5413891.818000001, 444207.16600000055 5413889.268, 444209.1359999997 5413888.948000001, 444210.5980000013 5413888.946000001, 444219.6879999996 5413890.079999999, 444221.97600000084 5413891.409999999, 444227.63800000015 5413896.488, 444229.48300000024 5413897.693000001, 444242.6470000006 5413904.666999999, 444263.2460000012 5413911.949, 444285.6259999998 5413919.231, 444285.24900000065 5413923.425, 444284.93300000066 5413924.506000001, 444284.2350000008 5413925.776999999, 444282.838999999 5413927.622000001, 444278.9659999991 5413930.423, 444276.109000001 5413933.096, 444275.66599999985 5413934.241, 444275.5410000009 5413936.592999999, 444276.0539999991 5413940.341999999, 444276.88400000054 5413943.074000001, 444278.3470000009 5413945.296, 444279.875 5413946.755999999, 444281.0840000004 5413947.517000001, 444287.8230000007 5413949.925, 444338.2970000007 5413961.363, 444341.41299999924 5413962.249, 444342.8119999997 5413963.009999999, 444344.3389999999 5413964.659, 444347.83900000027 5413969.422000001, 444349.4309999993 5413972.026000001, 444350.13199999987 5413973.677000001, 444353.8930000004 5413985.525, 444366.71499999904 5413976.186, 444461.11100000003 5413907.436000001)))",POINT (443956.11959999986 5413553.5226)
2605388,0,1089 Trowutta Road Edith Creek TAS 7330 Australia,"MULTIPOLYGON (((340660.7119999996 5463937.315, 340423.678999999 5463936.661, 340508.8779999986 5463997.414000001, 340509.15200000093 5464079.166, 340474.30199999997 5464188.201, 340453.20300000085 5464188.143, 340489.0220000008 5464076.061, 340488.7929999994 5464007.803000001, 340402.96900000004 5463946.604, 340388.8879999997 5463936.565000001, 340077.90099999856 5463935.707, 340077.99299999996 5463945.707, 340078.0180000006 5463948.428999999, 340087.2130000001 5464014.494, 340090.74700000125 5464049.684, 340110.6009999992 5464164.021999999, 340111.5520000002 5464179.233999999, 340116.3149999997 5464255.485000001, 340163.9950000006 5464478.522, 340169.6079999994 5464504.779000001, 340173.9620000009 5464473.341999999, 340230.75399999996 5464375.962000001, 340254.21200000064 5464347.237000001, 340269.14899999974 5464338.631999999, 340287.0790000004 5464333.801999999, 340297.57199999865 5464335.067999999, 340330.9419999999 5464355.031, 340367.5909999992 5464354.238999999, 340365.0169999992 5464398.108, 340512.36299999943 5464362.437, 340518.22499999986 5464361.017999999, 340504.94000000006 5464323.303000001, 340579.311 5464336.382999999, 340680.43799999997 5464226.950000001, 340675.98299999913 5464122.386, 340660.7119999996 5463937.315)))",POINT (340372.72559999954 5464149.6838)
3246110,0,771 Prossers Road Underwood TAS 7268 Australia,"MULTIPOLYGON (((518346.11800000037 5422266.548999999, 517788.99999999907 5421892.773, 517787.8280000003 5421891.986999999, 517764.0000000008 5421876.001, 517758.04899999977 5421872.007999999, 517646.8049999997 5421797.925000001, 517617.2840000009 5421778.275, 517616.55200000014 5421777.2360000005, 517556.0610000007 5421738.824000001, 517554.061999999 5421737.555000001, 517542.31099999987 5421744.3549999995, 517487.10100000084 5421776.324999999, 516923.87300000084 5422102.482999999, 516956.25800000026 5422288.479, 516962.4389999993 5422323.98, 516994.37599999923 5422507.363999999, 516996.3759999997 5422507.0030000005, 517532.00000000023 5422410.552000001, 517680.00000000047 5422383.901999999, 517970.57199999935 5422331.578000001, 518035.5130000013 5422728.443, 518305.458999999 5422328.685, 518346.11800000037 5422266.548999999)))",POINT (517599.2400000002 5422195.5929)
7623948,0,223 Pollards Road Rocky Cape TAS 7321 Australia,"MULTIPOLYGON (((374103.1160000001 5466769.762, 374102.1670000012 5466763.0770000005, 374044.2279999996 5466772.044, 374049.5899999993 5466777.543, 374066.84799999965 5466795.244999999, 374068.7029999987 5466797.149000001, 374063.5729999989 5466887.991, 374044.02800000063 5466948.403999999, 373937.4269999994 5467017.559999999, 373915.97300000105 5467066.823999999, 373925.2359999999 5467091.791, 374025.529000001 5467118.872, 374063.34900000034 5467238.883, 374167.34999999986 5467224.877999999, 374155.3450000008 5467137.597999999, 374105.9290000005 5466789.563, 374103.1160000001 5466769.762)), ((374048.1160000012 5466804.853999999, 374042.2360000005 5466798.823000001, 374024.9790000012 5466781.121, 374019.8130000008 5466775.823000001, 373841.5820000009 5466803.409, 373841.4930000003 5466802.836000001, 373641.3389999992 5466834.443, 373641.6980000003 5466836.841000001, 373645.81400000013 5466864.319, 373656.1489999995 5466933.319, 373709.06500000006 5467286.59, 374043.1119999993 5467241.607999999, 374009.6500000011 5467135.425000001, 373909.9799999999 5467108.512, 373894.28900000016 5467066.222999999, 373921.3970000009 5467003.976000001, 374027.0840000006 5466935.413, 374043.6309999991 5466884.266000001, 374048.1160000012 5466804.853999999)))",POINT (373899.8987999996 5467027.484)
1601246,0,921 Back River Road Magra TAS 7140 Australia,"MULTIPOLYGON (((506072.1740000007 5271578.767000001, 506682.40000000014 5271470.011999999, 506657.3480000007 5271336.277999999, 506625.1269999995 5271329.167999999, 506599.4159999995 5271329.852, 506574.9129999989 5271335.5649999995, 506533.33100000024 5271328.014, 506484.0449999996 5271314.983000001, 506463.08700000006 5271323.681, 506413.09399999946 5271316.692, 506393.64599999867 5271310.363000001, 506336.9700000008 5271300.681999999, 506322.84100000095 5271308.660999999, 506309.8090000001 5271308.553, 506277.58399999933 5271340.117000001, 506183.2329999992 5271318.295000001, 506178.5339999995 5271322.934, 506175.99600000016 5271326.111999999, 506171.4259999993 5271333.482999999, 506167.61800000025 5271339.075000001, 506165.33299999987 5271343.205, 506124.28700000024 5271433.366000001, 506121.46800000046 5271437.579000001, 506101.69299999974 5271469.394999999, 506063.6840000015 5271542.402999999, 506057.4709999991 5271560.637000001, 506056.5189999994 5271562.5430000005, 506053.53500000027 5271566.993000001, 506052.13900000066 5271569.469999999, 506050.4289999985 5271575.568000001, 506048.1270000009 5271582.693999999, 506072.1740000007 5271578.767000001)))",POINT (506372.4321999997 5271430.0231)
5467718,0,860 Tor Hill Road Ouse TAS 7140 Australia,"MULTIPOLYGON (((486718.7439999995 5298844.151999999, 486711.5169999994 5298826.242000001, 485967.4410000007 5298141.985000001, 485906.5309999997 5298148.056999999, 485930.4079999996 5298222.739999999, 485930.28600000136 5298229.9229999995, 485911.19000000134 5298266.556000001, 486013.7790000007 5298948.529000001, 486718.7439999995 5298844.151999999)))",POINT (484345.31319999974 5299496.139)
3233539,0,242 Boddingtons Road Bridport TAS 7262 Australia,"MULTIPOLYGON (((539790.5719999998 5455953.858, 539743.2479999992 5455683.899, 540119.1810000007 5455617.117, 539846.0479999996 5454124.577999999, 539771.7009999994 5454138.691999999, 539754.5790000004 5454156.101999999, 539718.9570000008 5454173.830000001, 539697.8900000005 5454190.249, 539672.4959999992 5454209.964, 539638.7869999992 5454223.882000001, 539620.781 5454235.096, 539612.1890000004 5454241.371, 539589.5279999991 5454260.582999999, 539575.7180000001 5454270.851, 539573.8090000001 5454272.119, 539568.0160000002 5454276.747000001, 539562.0970000002 5454281.501, 539560.5020000003 5454284.484999999, 539558.4639999995 5454286.514999999, 539558.2719999996 5454287.594999999, 539547.7670000005 5454297.424999999, 539539.9889999996 5454309.673999999, 539535.9750000001 5454315.068, 539535.7199999992 5454315.386, 539526.3510000003 5454329.0309999995, 539524.6940000004 5454331.378999999, 539522.2719999999 5454334.870000001, 539499.9259999999 5454386.617, 539494.7869999999 5454413.677999999, 539486.6280000003 5454457.764000001, 539485.8559999993 5454462.401000001, 539481.8809999991 5454479.806, 539478.5480000001 5454494.033, 539476.4430000007 5454497.525000001, 539475.5460000007 5454501.717, 539471.9519999992 5454518.867999999, 539458.7999999998 5454611.810999999, 539448.5470000007 5454654.94, 539440.0569999993 5454673.605999999, 539398.1199999992 5454765.416000001, 539391.0400000004 5454810.52, 539385.3090000006 5454816.228000001, 539380.7899999998 5454819.588, 539356.0350000013 5454837.144, 539355.9709999991 5454837.2069999995, 539354.0590000005 5454839.554999999, 539330.873 5454867.281000001, 539294.2669999996 5454899.938999999, 539240.1849999996 5454932.880999999, 539209.5710000015 5454956.208, 539157.6919999995 5454999.958000001, 539156.1000000004 5455001.29, 539147.2529999999 5455008.962000001, 539070.8450000001 5455083.168, 539061.7989999994 5455093.8270000005, 539049.8859999996 5455108.484, 539031.5420000004 5455129.42, 539025.1779999994 5455133.856, 539022.2470000003 5455137.727, 539019.8260000008 5455140.963000001, 538991.8179999994 5455164.612999999, 538972.082 5455182.941, 538971.7630000014 5455183.449, 538970.1710000002 5455185.034000001, 538958.7620000006 5455201.154000001, 538934.5000000001 5455258.300000001, 538923.8699999996 5455298.313999999, 538910.9350000008 5455347.282999999, 538909.466000001 5455351.093999999, 538909.0190000003 5455352.1729999995, 538904.0909999993 5455369.449000001, 538892.9260000007 5455391.033000001, 538874.7740000013 5455411.525, 538873.3099999998 5455412.729, 538872.8640000002 5455413.237, 538847.1030000009 5455425.261999999, 538826.1620000007 5455441.745, 538779.7530000004 5455451.317000001, 538777.5280000003 5455451.757000001, 538775.3030000002 5455452.134999999, 538766.3970000003 5455456.884000001, 538760.6689999991 5455461.193999999, 538756.2140000005 5455464.491, 538746.6630000008 5455474.005000001, 538732.1989999996 5455492.851, 538721.8149999998 5455506.366, 538708.4149999999 5455532.649, 538698.020999999 5455549.851, 538693.813 5455557.024000001, 538691.0100000007 5455560.894999999, 538689.2890000008 5455563.1790000005, 538685.6610000007 5455566.349999999, 538684.5789999991 5455567.237, 538675.285 5455574.909000001, 538641.5729999993 5455590.732, 538620.1960000006 5455609.723000001, 538640.3399999992 5455723.806000001, 538666.8089999994 5455873.705, 538697.9349999991 5455868.208999999, 539190.183000001 5455781.385000001, 539002.4890000011 5456274.880000001, 539790.5719999998 5455953.858)))",POINT (539474.1496000001 5455298.7258)
7367016,0,16797 Bass Highway Flowerdale TAS 7325 Australia,"MULTIPOLYGON (((389491.83699999965 5463763.815, 389496.98499999975 5463750.735, 389514.1930000008 5463705.590000001, 389531.36299999926 5463660.597, 389548.55699999956 5463615.491000001, 389560.16099999973 5463585.080000001, 389572.22100000083 5463553.448000001, 389595.76999999967 5463491.672, 389604.6339999995 5463468.920000001, 389619.6619999991 5463429.704, 389631.88600000064 5463397.905, 389643.6429999991 5463367.303000001, 389660.55899999983 5463323.313999999, 389677.934 5463278.116000001, 389695.3200000002 5463232.904999999, 389712.6950000003 5463187.693000001, 389714.6600000012 5463182.553, 389715.4970000008 5463180.401999999, 389715.85300000105 5463179.538000001, 389716.0809999993 5463178.990000001, 389717.0709999995 5463176.419, 389721.3940000009 5463165.272000001, 389730.0810000005 5463142.786999999, 389767.9130000007 5463050.967, 389764.04600000015 5463050.163000001, 389759.41600000113 5463047.649, 389755.05000000086 5463044.076999999, 389752.1400000007 5463039.315, 389749.96899999934 5463033.901, 389748.6290000004 5463023.483000001, 389747.8650000009 5463020.939, 389746.87100000115 5463016.246, 389744.23599999974 5463006.819999999, 389741.499999999 5462999.952999999, 389740.22900000063 5462997.791, 389735.71399999945 5462989.016000001, 389729.42000000004 5462979.478999999, 389726.3039999993 5462975.334, 389726.1770000005 5462975.105, 389724.33299999917 5462972.612, 389719.75700000103 5462967.335999999, 389717.08800000104 5462964.475, 389713.04600000003 5462961.120000001, 389712.01700000063 5462960.255, 389709.8430000007 5462958.119, 389707.56900000013 5462956.507000001, 389701.4549999996 5462952.171, 389690.7810000015 5462946.047, 389688.68400000123 5462944.84, 389686.8410000009 5462944.078, 389673.8949999998 5462939.787, 389665.0520000011 5462936.968999999, 389664.2259999992 5462936.714999999, 389654.1900000006 5462935.004999999, 389646.1239999989 5462934.629000001, 389640.9789999997 5462934.823000001, 389638.4390000005 5462935.143, 389632.34199999925 5462935.936, 389624.20199999877 5462938.397, 389616.59499999875 5462941.518999999, 389604.9630000015 5462947.735, 389595.5790000009 5462953.174, 389590.49999999907 5462956.420999999, 389582.18300000054 5462961.643, 389577.13000000047 5462965.615, 389572.09000000014 5462969.626000001, 389565.24699999974 5462975.33, 389557.3749999999 5462981.683999999, 389553.1730000002 5462985.184999999, 389548.5389999993 5462989.272000001, 389539.6890000002 5462995.804, 389535.0179999999 5462999.139999999, 389534.63700000115 5462999.203999999, 389524.2630000003 5463006.056, 389518.9549999993 5463009.812, 389512.70800000057 5463015.299000001, 389505.2450000009 5463022.53, 389499.90099999926 5463028.537999999, 389497.50199999975 5463031.606, 389493.42799999984 5463036.214, 389484.37700000085 5463046.0030000005, 389467.9010000004 5463063.963999999, 389464.7400000011 5463067.184999999, 389448.75899999856 5463083.351999999, 389446.72800000024 5463085.642999999, 389443.27500000055 5463089.475, 389440.76199999964 5463092.135, 389434.9220000013 5463097.355000001, 389432.9669999995 5463099.327999999, 389430.41499999934 5463101.62, 389422.135999999 5463106.178999999, 389421.97099999967 5463106.269, 389415.5439999999 5463108.41, 389410.16000000027 5463109.075, 389407.8739999988 5463109.203999999, 389402.6270000013 5463109.055000001, 389398.2189999989 5463108.3209999995, 389386.0230000011 5463105.785, 389383.92699999956 5463105.214, 389362.20399999956 5463101.031000001, 389360.04400000034 5463100.523000001, 389353.20899999904 5463099.027000001, 389348.0380000003 5463097.160000001, 389344.5060000011 5463095.814, 389340.56699999934 5463093.273, 389337.6059999989 5463090.883, 389335.87699999986 5463089.078000001, 389334.3130000002 5463086.521999999, 389332.83700000006 5463082.566, 389332.656999999 5463078.724999999, 389333.03400000045 5463071.855, 389333.4769999993 5463069.5, 389335.0580000006 5463059.387, 389337.78200000036 5463048.508, 389337.8449999993 5463047.935, 389338.8850000009 5463044.501000001, 389341.9780000007 5463035.44, 389345.76999999915 5463025.349999999, 389346.6200000007 5463023.389999999, 389348.16600000014 5463019.509, 389350.8429999993 5463014.151, 389350.8420000005 5463013.642000001, 389351.6040000003 5463012.687999999, 389353.7100000007 5463008.501000001, 389356.1079999993 5463004.735, 389357.7580000011 5463002.824, 389362.70799999975 5462996.015000001, 389372.3550000005 5462986.148999999, 389374.8940000009 5462983.54, 389381.49600000115 5462978.447, 389387.5140000007 5462974.294999999, 389392.47900000116 5462972.142, 389394.63799999934 5462970.996000001, 389400.4289999995 5462969.248999999, 389409.72599999927 5462966.901, 389413.4979999998 5462965.829, 389414.9579999994 5462965.320000001, 389415.5930000003 5462965.255, 389418.06899999955 5462963.982, 389421.4859999985 5462962.235999999, 389426.83100000117 5462958.823, 389428.60700000083 5462957.295999999, 389429.3430000011 5462956.495, 389434.5729999992 5462950.484999999, 389435.08000000025 5462949.721999999, 389436.72999999986 5462947.367, 389439.8119999997 5462940.088, 389443.19500000007 5462926.627000001, 389443.259 5462926.0540000005, 389444.2740000009 5462923.381999999, 389447.50499999954 5462912.630000001, 389451.30999999994 5462903.085999999, 389451.30999999994 5462902.576999999, 389453.4019999996 5462897.869000001, 389459.13700000115 5462886.377, 389462.59900000104 5462877.608999999, 389466.46700000035 5462868.791000001, 389467.60900000005 5462866.627, 389468.94099999976 5462864.4, 389473.0010000011 5462858.927, 389474.4999999999 5462857.056, 389476.13699999976 5462854.765000001, 389481.5040000001 5462844.673000001, 389482.6189999993 5462840.499000001, 389482.89699999895 5462837.039000001, 389482.8320000002 5462835.702999999, 389482.66599999997 5462833.349, 389482.0669999997 5462831.0600000005, 389478.88800000004 5462824.827999999, 389471.32400000107 5462816.436999999, 389468.14699999895 5462814.150000001, 389464.46199999924 5462811.759000001, 389461.6160000012 5462810.185, 389452.60699999996 5462805.992999999, 389445.06000000035 5462801.927, 389437.5240000007 5462797.849000001, 389427.5480000002 5462791.533, 389424.68799999915 5462789.499999999, 389414.9159999994 5462781.708, 389407.91399999894 5462776.726999999, 389405.87899999885 5462775.010000001, 389403.46499999973 5462773.549000001, 389390.03500000073 5462766.371, 389383.2610000009 5462763.132, 389372.33500000037 5462760.150000001, 389362.42600000056 5462758.759, 389360.07700000016 5462758.570000001, 389354.4740000003 5462757.949000001, 389348.3269999998 5462758.130999999, 389338.3559999999 5462758.8379999995, 389330.4310000001 5462760.218000001, 389325.0749999997 5462806.286, 389320.56500000134 5462843.716999999, 389316.042000001 5462881.159000001, 389312.012000001 5462914.721, 389307.74100000074 5462949.975999999, 389303.02800000046 5462989.084000001, 389298.31599999894 5463028.207000001, 389294.09599999886 5463063.282, 389289.83899999945 5463098.434, 389285.1259999991 5463137.592999999, 389280.38800000027 5463176.765000001, 389276.1939999998 5463211.738000001, 389271.94899999903 5463246.826000001, 389267.2120000012 5463286.098999999, 389262.4740000002 5463325.385, 389258.2790000009 5463360.294000001, 389254.0469999999 5463395.278999999, 389249.3090000011 5463434.603, 389244.5600000002 5463473.938999999, 389240.3769999995 5463508.745999999, 389236.1589999993 5463543.667000001, 389231.4089999995 5463583.104, 389226.6449999991 5463622.555, 389222.4640000005 5463657.2979999995, 389218.2570000002 5463692.117000001, 389215.6550000009 5463713.691, 389214.4260000003 5463723.89, 389213.4949999995 5463731.6049999995, 389208.730999999 5463771.1049999995, 389204.5619999991 5463805.745999999, 389200.65900000016 5463838.0200000005, 389198.4100000004 5463856.594, 389196.9689999999 5463867.241999999, 389312.72399999935 5463895.727, 389332.1359999994 5463900.511000001, 389344.35599999916 5463903.873, 389363.27200000035 5463886.18, 389389.95300000056 5463860.899999999, 389410.785 5463841.030000001, 389458.15899999975 5463795.866999999, 389491.83699999965 5463763.815)))",POINT (389443.7949000001 5463350.2294)
6428390,0,369 Memana Road Whitemark TAS 7255 Australia,"MULTIPOLYGON (((587859.5740000006 5563501.364999999, 587849.6720000012 5563503.139000001, 587490.7069999995 5563567.432999999, 587497.3300000008 5563606.384000001, 587503.6009999993 5563643.266000001, 587534.2710000004 5563678.92, 587552.0399999991 5563699.5770000005, 587556.9939999996 5563718.668999999, 587561.3749999994 5563735.553000001, 587566.7650000006 5563782.624999999, 587572.3020000008 5563830.966, 587722.1750000005 5563835.637, 587795.5619999997 5563890.352, 587940.1699999993 5563933.227999999, 587859.5740000006 5563501.364999999)))",POINT (587732.9006000003 5563699.484)
6100635,0,150 Hjorts Road Loira TAS 7275 Australia,"MULTIPOLYGON (((491110.69600000116 5432052.084000001, 490912.2249999995 5431915.183000001, 490730.372000001 5432173.999, 490724.4979999997 5432183.421000001, 490625.2630000005 5432325.299, 490797.83400000085 5432445.019, 490824.5259999987 5432464.216, 491110.69600000116 5432052.084000001)))",POINT (490868.02660000045 5432189.2896)
7248404,0,93 Douglas Road Lefroy TAS 7252 Australia,"MULTIPOLYGON (((500110.46799999964 5452300.738, 500147.47499999905 5452136.207, 500205.1270000008 5451725.891999999, 500185.5800000004 5451683.178, 500123.10799999966 5451573.401, 499983.7249999996 5451327.088000001, 499897.5579999997 5451177.919999999, 499690.4339999993 5451213.125, 499673.58700000134 5451114.004, 499631.0429999996 5450863.699000001, 499712.1270000003 5450849.9180000005, 499638.26700000104 5450714.77, 499598.94899999956 5450573.463999999, 499575.7189999992 5450564.983, 499512.9510000007 5450541.518000001, 499468.82299999904 5450527.358000001, 499470.0629999996 5450533.999000001, 499474.1639999999 5450555.9690000005, 499595.0110000009 5451203.333, 499595.369000001 5451205.251, 499809.0399999997 5452349.869000001, 500110.46799999964 5452300.738)))",POINT (499864.0044 5451628.3002)
7903739,0,67 Myrtle Grove Road Wiltshire TAS 7321 Australia,"MULTIPOLYGON (((354132.7740000014 5477889.448000001, 354154.14700000046 5477873.059000001, 354174.2529999986 5477855.684, 354184.3969999992 5477844.933000001, 354201.6949999997 5477822.229, 354204.6109999993 5477818.730000001, 354219.9520000003 5477801.872000001, 354243.27599999955 5477773.631999999, 354245.42999999935 5477770.769999999, 354251.89100000006 5477761.169, 354259.11900000105 5477753.408000001, 354274.08900000004 5477741.185999999, 354281.57399999956 5477735.33, 354284.17599999893 5477733.610000001, 354302.3909999995 5477722.779999999, 354304.9280000001 5477721.0600000005, 354307.46500000067 5477718.896, 354325.28499999957 5477701.906999999, 354329.217000001 5477698.4059999995, 354332.4530000002 5477696.305, 354368.3740000006 5477675.279999999, 354371.29100000113 5477672.987999999, 354400.08899999945 5477648.547, 354423.0319999999 5477620.6899999995, 354435.84500000055 5477607.721, 354439.174 5477593.464999999, 354392.9710000002 5477268.404, 354377.91299999936 5477254.431, 353965.3949999986 5477320.902999999, 353598.8299999995 5477365.130999999, 353606.96699999925 5477367.083000001, 353612.88199999963 5477369.485, 353615.3009999993 5477371.259000001, 353620.2679999996 5477376.393, 353624.66600000084 5477382.544, 353632.5099999992 5477396.119, 353639.21300000104 5477410.586, 353639.6630000003 5477412.745, 353639.73800000024 5477418.269000001, 353639.5570000004 5477422.714000001, 353638.9919999988 5477425.319000001, 353635.33399999957 5477438.218000001, 353634.1959999994 5477440.76, 353610.08699999953 5477488.051999999, 353607.9380000003 5477493.074, 353606.93199999956 5477498.473999999, 353606.3179999998 5477508.318000001, 353606.3880000013 5477511.303000001, 353607.09499999904 5477515.048000001, 353607.8610000006 5477516.444000001, 353613.8510000009 5477524.497, 353615.4429999999 5477526.082000001, 353617.8599999998 5477527.283999999, 353637.38399999926 5477534.676000001, 353659.99999999965 5477550.712, 353666.212000001 5477554.879000001, 353667.80300000124 5477556.209000001, 353670.86299999896 5477560.014000001, 353685.2019999989 5477579.736, 353687.3710000005 5477583.479, 353693.55999999866 5477595.406, 353704.34699999937 5477618.057000001, 353705.81599999906 5477621.610000001, 353713.49500000034 5477646.552999999, 353715.4170000002 5477653.916000001, 353717.0930000015 5477664.899000001, 353717.0999999996 5477697.476, 353716.03499999957 5477704.717000001, 353715.66399999976 5477709.291000001, 353715.44200000085 5477724.659000001, 353715.82899999904 5477727.008000001, 353719.09299999976 5477738.052, 353720.051000001 5477740.272, 353721.38900000014 5477742.175000001, 353729.6060000004 5477751.241000001, 353737.7049999996 5477754.501, 353749.77100000007 5477757.402, 353825.9879999989 5477771.231000001, 353841.8849999992 5477774.015000001, 353862.59800000116 5477778.738, 353864.4409999993 5477778.988, 353875.816999999 5477779.856, 353897.98599999875 5477776.257, 353913.8039999996 5477774.259, 353930.1370000006 5477775.499, 353934.65099999856 5477776.442, 353955.1879999991 5477782.118, 353960.97400000086 5477784.139000001, 353968.3519999994 5477787.11, 353972.3599999995 5477789.706, 354010.73600000027 5477817.701999999, 354013.09299999976 5477820.046999999, 354018.9550000002 5477827.275, 354019.7200000008 5477828.481, 354020.80499999877 5477830.892000001, 354033.59199999983 5477866.938, 354033.9130000005 5477868.715000001, 354034.60399999993 5477894.37, 354035.12000000116 5477898.114000001, 354036.9710000007 5477901.922, 354039.77799999947 5477906.869999999, 354046.02099999867 5477914.350999999, 354047.6760000011 5477915.618, 354049.01099999936 5477915.994999999, 354058.734000001 5477916.486, 354062.1019999996 5477916.478999999, 354096.47199999995 5477909.116, 354105.35400000017 5477906.681, 354108.9730000001 5477905.340999999, 354118.6200000008 5477900.051999999, 354121.60200000013 5477898.014, 354132.7740000014 5477889.448000001)))",POINT (354049.5131999999 5477546.4911)
